Sno,Date,Time,State/UnionTerritory,Deaths,Confirmed
1,01/30/2020,06:00:00 PM,Kerala,0,1
2,01/31/2020,06:00:00 PM,Kerala,0,1
3,02/01/2020,06:00:00 PM,Kerala,0,2
4,02/02/2020,06:00:00 PM,Kerala,0,3
5,02/03/2020,06:00:00 PM,Kerala,0,3
6,02/04/2020,06:00:00 PM,Kerala,0,3
7,02/05/2020,06:00:00 PM,Kerala,0,3
8,02/06/2020,06:00:00 PM,Kerala,0,3
9,02/07/2020,06:00:00 PM,Kerala,0,3
10,02/08/2020,06:00:00 PM,Kerala,0,3
11,02/09/2020,06:00:00 PM,Kerala,0,3
12,02/10/2020,06:00:00 PM,Kerala,0,3
13,02/11/2020,06:00:00 PM,Kerala,0,3
14,02/12/2020,06:00:00 PM,Kerala,0,3
15,02/13/2020,06:00:00 PM,Kerala,0,3
16,02/14/2020,06:00:00 PM,Kerala,0,3
17,02/15/2020,06:00:00 PM,Kerala,0,3
18,02/16/2020,06:00:00 PM,Kerala,0,3
19,02/17/2020,06:00:00 PM,Kerala,0,3
20,02/18/2020,06:00:00 PM,Kerala,0,3
21,02/19/2020,06:00:00 PM,Kerala,0,3
22,02/20/2020,06:00:00 PM,Kerala,0,3
23,02/21/2020,06:00:00 PM,Kerala,0,3
24,02/22/2020,06:00:00 PM,Kerala,0,3
25,02/23/2020,06:00:00 PM,Kerala,0,3
26,02/24/2020,06:00:00 PM,Kerala,0,3
27,02/25/2020,06:00:00 PM,Kerala,0,3
28,02/26/2020,06:00:00 PM,Kerala,0,3
29,02/27/2020,06:00:00 PM,Kerala,0,3
30,02/28/2020,06:00:00 PM,Kerala,0,3
31,02/29/2020,06:00:00 PM,Kerala,0,3
32,03/01/2020,06:00:00 PM,Kerala,0,3
33,03/02/2020,06:00:00 PM,Telengana,0,1
34,03/02/2020,06:00:00 PM,Kerala,0,3
35,03/02/2020,06:00:00 PM,Delhi,0,1
36,03/03/2020,06:00:00 PM,Telengana,0,1
37,03/03/2020,06:00:00 PM,Rajasthan,0,1
38,03/03/2020,06:00:00 PM,Kerala,0,3
39,03/03/2020,06:00:00 PM,Delhi,0,1
40,03/04/2020,06:00:00 PM,Uttar Pradesh,0,6
41,03/04/2020,06:00:00 PM,Kerala,0,3
42,03/04/2020,06:00:00 PM,Haryana,0,2
43,03/04/2020,06:00:00 PM,Delhi,0,1
44,03/04/2020,06:00:00 PM,Telengana,0,1
45,03/04/2020,06:00:00 PM,Rajasthan,0,15
46,03/05/2020,06:00:00 PM,Delhi,0,2
47,03/05/2020,06:00:00 PM,Haryana,0,2
48,03/05/2020,06:00:00 PM,Kerala,0,3
49,03/05/2020,06:00:00 PM,Rajasthan,0,15
50,03/05/2020,06:00:00 PM,Telengana,0,1
51,03/05/2020,06:00:00 PM,Uttar Pradesh,0,7
52,03/06/2020,06:00:00 PM,Delhi,0,3
53,03/06/2020,06:00:00 PM,Haryana,0,2
54,03/06/2020,06:00:00 PM,Kerala,0,3
55,03/06/2020,06:00:00 PM,Rajasthan,0,15
56,03/06/2020,06:00:00 PM,Uttar Pradesh,0,7
57,03/06/2020,06:00:00 PM,Telengana,0,1
58,03/07/2020,06:00:00 PM,Kerala,0,3
59,03/07/2020,06:00:00 PM,Uttar Pradesh,0,7
60,03/07/2020,06:00:00 PM,Ladakh,0,2
61,03/07/2020,06:00:00 PM,Telengana,0,1
62,03/07/2020,06:00:00 PM,Tamil Nadu,0,1
63,03/07/2020,06:00:00 PM,Delhi,0,3
64,03/07/2020,06:00:00 PM,Haryana,0,2
65,03/07/2020,06:00:00 PM,Rajasthan,0,15
66,03/08/2020,06:00:00 PM,Ladakh,0,2
67,03/08/2020,06:00:00 PM,Telengana,0,1
68,03/08/2020,06:00:00 PM,Tamil Nadu,0,1
69,03/08/2020,06:00:00 PM,Rajasthan,0,15
70,03/08/2020,06:00:00 PM,Kerala,0,8
71,03/08/2020,06:00:00 PM,Haryana,0,2
72,03/08/2020,06:00:00 PM,Delhi,0,3
73,03/08/2020,06:00:00 PM,Uttar Pradesh,0,7
74,03/09/2020,06:00:00 PM,Ladakh,0,2
75,03/09/2020,06:00:00 PM,Karnataka,0,1
76,03/09/2020,06:00:00 PM,Kerala,0,9
77,03/09/2020,06:00:00 PM,Maharashtra,0,2
78,03/09/2020,06:00:00 PM,Punjab,0,1
79,03/09/2020,06:00:00 PM,Rajasthan,0,15
80,03/09/2020,06:00:00 PM,Tamil Nadu,0,1
81,03/09/2020,06:00:00 PM,Telengana,0,1
82,03/09/2020,06:00:00 PM,Jammu and Kashmir,0,1
83,03/09/2020,06:00:00 PM,Uttar Pradesh,0,7
84,03/09/2020,06:00:00 PM,Haryana,0,2
85,03/09/2020,06:00:00 PM,Delhi,0,4
86,03/10/2020,06:00:00 PM,Uttar Pradesh,0,7
87,03/10/2020,06:00:00 PM,Ladakh,0,2
88,03/10/2020,06:00:00 PM,Delhi,0,4
89,03/10/2020,06:00:00 PM,Haryana,0,2
90,03/10/2020,06:00:00 PM,Karnataka,0,4
91,03/10/2020,06:00:00 PM,Kerala,0,15
92,03/10/2020,06:00:00 PM,Maharashtra,0,5
93,03/10/2020,06:00:00 PM,Punjab,0,1
94,03/10/2020,06:00:00 PM,Rajasthan,0,15
95,03/10/2020,06:00:00 PM,Tamil Nadu,0,1
96,03/10/2020,06:00:00 PM,Telengana,0,1
97,03/10/2020,06:00:00 PM,Jammu and Kashmir,0,1
98,03/11/2020,06:00:00 PM,Maharashtra,0,2
99,03/11/2020,06:00:00 PM,Delhi,0,5
100,03/11/2020,06:00:00 PM,Haryana,0,14
101,03/11/2020,06:00:00 PM,Kerala,0,17
102,03/11/2020,06:00:00 PM,Rajasthan,0,3
103,03/11/2020,06:00:00 PM,Telengana,0,1
104,03/11/2020,06:00:00 PM,Uttar Pradesh,0,9
105,03/11/2020,06:00:00 PM,Ladakh,0,2
106,03/11/2020,06:00:00 PM,Tamil Nadu,0,1
107,03/11/2020,06:00:00 PM,Jammu and Kashmir,0,1
108,03/11/2020,06:00:00 PM,Punjab,0,1
109,03/11/2020,06:00:00 PM,Karnataka,0,4
110,03/12/2020,06:00:00 PM,Delhi,0,6
111,03/12/2020,06:00:00 PM,Haryana,0,14
112,03/12/2020,06:00:00 PM,Kerala,0,17
113,03/12/2020,06:00:00 PM,Rajasthan,0,3
114,03/12/2020,06:00:00 PM,Telengana,0,1
115,03/12/2020,06:00:00 PM,Uttar Pradesh,0,11
116,03/12/2020,06:00:00 PM,Ladakh,0,3
117,03/12/2020,06:00:00 PM,Tamil Nadu,0,1
118,03/12/2020,06:00:00 PM,Jammu and Kashmir,0,1
119,03/12/2020,06:00:00 PM,Punjab,0,1
120,03/12/2020,06:00:00 PM,Karnataka,0,4
121,03/12/2020,06:00:00 PM,Maharashtra,0,11
122,03/12/2020,06:00:00 PM,Andhra Pradesh,0,1
123,03/13/2020,06:00:00 PM,Delhi,0,6
124,03/13/2020,06:00:00 PM,Haryana,0,14
125,03/13/2020,06:00:00 PM,Kerala,0,19
126,03/13/2020,06:00:00 PM,Rajasthan,0,3
127,03/13/2020,06:00:00 PM,Telengana,0,1
128,03/13/2020,06:00:00 PM,Uttar Pradesh,0,11
129,03/13/2020,06:00:00 PM,Ladakh,0,3
130,03/13/2020,06:00:00 PM,Tamil Nadu,0,1
131,03/13/2020,06:00:00 PM,Jammu and Kashmir,0,1
132,03/13/2020,06:00:00 PM,Punjab,0,1
133,03/13/2020,06:00:00 PM,Karnataka,1,6
134,03/13/2020,06:00:00 PM,Maharashtra,0,14
135,03/13/2020,06:00:00 PM,Andhra Pradesh,0,1
136,03/14/2020,06:00:00 PM,Delhi,1,7
137,03/14/2020,06:00:00 PM,Haryana,0,14
138,03/14/2020,06:00:00 PM,Kerala,0,19
139,03/14/2020,06:00:00 PM,Rajasthan,0,3
140,03/14/2020,06:00:00 PM,Telengana,0,1
141,03/14/2020,06:00:00 PM,Uttar Pradesh,0,12
142,03/14/2020,06:00:00 PM,Ladakh,0,3
143,03/14/2020,06:00:00 PM,Tamil Nadu,0,1
144,03/14/2020,06:00:00 PM,Jammu and Kashmir,0,2
145,03/14/2020,06:00:00 PM,Punjab,0,1
146,03/14/2020,06:00:00 PM,Karnataka,1,6
147,03/14/2020,06:00:00 PM,Maharashtra,0,14
148,03/14/2020,06:00:00 PM,Andhra Pradesh,0,1
149,03/15/2020,06:00:00 PM,Andhra Pradesh,0,1
150,03/15/2020,06:00:00 PM,Delhi,1,7
151,03/15/2020,06:00:00 PM,Haryana,0,14
152,03/15/2020,06:00:00 PM,Karnataka,1,6
153,03/15/2020,06:00:00 PM,Kerala,0,22
154,03/15/2020,06:00:00 PM,Maharashtra,0,32
155,03/15/2020,06:00:00 PM,Punjab,0,1
156,03/15/2020,06:00:00 PM,Rajasthan,0,4
157,03/15/2020,06:00:00 PM,Tamil Nadu,0,1
158,03/15/2020,06:00:00 PM,Telengana,0,3
159,03/15/2020,06:00:00 PM,Jammu and Kashmir,0,2
160,03/15/2020,06:00:00 PM,Ladakh,0,3
161,03/15/2020,06:00:00 PM,Uttar Pradesh,0,13
162,03/15/2020,06:00:00 PM,Uttarakhand,0,1
163,03/16/2020,06:00:00 PM,Andhra Pradesh,0,1
164,03/16/2020,06:00:00 PM,Delhi,1,7
165,03/16/2020,06:00:00 PM,Haryana,0,14
166,03/16/2020,06:00:00 PM,Karnataka,1,6
167,03/16/2020,06:00:00 PM,Kerala,0,23
168,03/16/2020,06:00:00 PM,Maharashtra,0,32
169,03/16/2020,06:00:00 PM,Odisha,0,1
170,03/16/2020,06:00:00 PM,Punjab,0,1
171,03/16/2020,06:00:00 PM,Rajasthan,0,4
172,03/16/2020,06:00:00 PM,Tamil Nadu,0,1
173,03/16/2020,06:00:00 PM,Telengana,0,3
174,03/16/2020,06:00:00 PM,Jammu and Kashmir,0,3
175,03/16/2020,06:00:00 PM,Ladakh,0,4
176,03/16/2020,06:00:00 PM,Uttar Pradesh,0,13
177,03/16/2020,06:00:00 PM,Uttarakhand,0,1
178,03/17/2020,06:00:00 PM,Andhra Pradesh,0,1
179,03/17/2020,06:00:00 PM,Delhi,1,8
180,03/17/2020,06:00:00 PM,Haryana,0,15
181,03/17/2020,06:00:00 PM,Karnataka,1,11
182,03/17/2020,06:00:00 PM,Kerala,0,26
183,03/17/2020,06:00:00 PM,Maharashtra,1,39
184,03/17/2020,06:00:00 PM,Odisha,0,1
185,03/17/2020,06:00:00 PM,Punjab,0,1
186,03/17/2020,06:00:00 PM,Rajasthan,0,4
187,03/17/2020,06:00:00 PM,Tamil Nadu,0,1
188,03/17/2020,06:00:00 PM,Telengana,0,5
189,03/17/2020,06:00:00 PM,Jammu and Kashmir,0,3
190,03/17/2020,06:00:00 PM,Ladakh,0,6
191,03/17/2020,06:00:00 PM,Uttar Pradesh,0,15
192,03/17/2020,06:00:00 PM,Uttarakhand,0,1
193,03/18/2020,06:00:00 PM,Andhra Pradesh,0,1
194,03/18/2020,06:00:00 PM,Delhi,1,10
195,03/18/2020,06:00:00 PM,Haryana,0,17
196,03/18/2020,06:00:00 PM,Karnataka,1,11
197,03/18/2020,06:00:00 PM,Kerala,0,27
198,03/18/2020,06:00:00 PM,Maharashtra,1,42
199,03/18/2020,06:00:00 PM,Odisha,0,1
200,03/18/2020,06:00:00 PM,Puducherry,0,1
201,03/18/2020,06:00:00 PM,Punjab,0,1
202,03/18/2020,06:00:00 PM,Rajasthan,0,4
203,03/18/2020,06:00:00 PM,Tamil Nadu,0,1
204,03/18/2020,06:00:00 PM,Telengana,0,6
205,03/18/2020,06:00:00 PM,Jammu and Kashmir,0,3
206,03/18/2020,06:00:00 PM,Ladakh,0,8
207,03/18/2020,06:00:00 PM,Uttar Pradesh,0,16
208,03/18/2020,06:00:00 PM,Uttarakhand,0,1
209,03/18/2020,06:00:00 PM,West Bengal,0,1
210,03/19/2020,06:00:00 PM,Andhra Pradesh,0,2
211,03/19/2020,06:00:00 PM,Chhattisgarh,0,1
212,03/19/2020,06:00:00 PM,Delhi,1,12
213,03/19/2020,06:00:00 PM,Haryana,0,17
214,03/19/2020,06:00:00 PM,Karnataka,1,14
215,03/19/2020,06:00:00 PM,Kerala,0,27
216,03/19/2020,06:00:00 PM,Maharashtra,1,47
217,03/19/2020,06:00:00 PM,Odisha,0,1
218,03/19/2020,06:00:00 PM,Puducherry,0,1
219,03/19/2020,06:00:00 PM,Punjab,1,2
220,03/19/2020,06:00:00 PM,Rajasthan,0,7
221,03/19/2020,06:00:00 PM,Tamil Nadu,0,2
222,03/19/2020,06:00:00 PM,Telengana,0,6
223,03/19/2020,06:00:00 PM,Chandigarh,0,1
224,03/19/2020,06:00:00 PM,Jammu and Kashmir,0,4
225,03/19/2020,06:00:00 PM,Ladakh,0,8
226,03/19/2020,06:00:00 PM,Uttar Pradesh,0,19
227,03/19/2020,06:00:00 PM,Uttarakhand,0,1
228,03/19/2020,06:00:00 PM,West Bengal,0,1
229,03/20/2020,06:00:00 PM,Andhra Pradesh,0,3
230,03/20/2020,06:00:00 PM,Chhattisgarh,0,1
231,03/20/2020,06:00:00 PM,Delhi,1,17
232,03/20/2020,06:00:00 PM,Gujarat,0,5
233,03/20/2020,06:00:00 PM,Haryana,0,17
234,03/20/2020,06:00:00 PM,Karnataka,1,15
235,03/20/2020,06:00:00 PM,Kerala,0,28
236,03/20/2020,06:00:00 PM,Maharashtra,1,52
237,03/20/2020,06:00:00 PM,Odisha,0,2
238,03/20/2020,06:00:00 PM,Puducherry,0,1
239,03/20/2020,06:00:00 PM,Punjab,1,2
240,03/20/2020,06:00:00 PM,Rajasthan,0,17
241,03/20/2020,06:00:00 PM,Tamil Nadu,0,3
242,03/20/2020,06:00:00 PM,Telengana,0,17
243,03/20/2020,06:00:00 PM,Chandigarh,0,1
244,03/20/2020,06:00:00 PM,Jammu and Kashmir,0,4
245,03/20/2020,06:00:00 PM,Ladakh,0,10
246,03/20/2020,06:00:00 PM,Uttar Pradesh,0,23
247,03/20/2020,06:00:00 PM,Uttarakhand,0,3
248,03/20/2020,06:00:00 PM,West Bengal,0,2
249,03/21/2020,06:00:00 PM,Andhra Pradesh,0,3
250,03/21/2020,06:00:00 PM,Chhattisgarh,0,1
251,03/21/2020,06:00:00 PM,Delhi,1,26
252,03/21/2020,06:00:00 PM,Gujarat,0,7
253,03/21/2020,06:00:00 PM,Haryana,0,17
254,03/21/2020,06:00:00 PM,Himachal Pradesh,0,2
255,03/21/2020,06:00:00 PM,Karnataka,1,15
256,03/21/2020,06:00:00 PM,Kerala,0,40
257,03/21/2020,06:00:00 PM,Madhya Pradesh,0,4
258,03/21/2020,06:00:00 PM,Maharashtra,1,63
259,03/21/2020,06:00:00 PM,Odisha,0,2
260,03/21/2020,06:00:00 PM,Puducherry,0,1
261,03/21/2020,06:00:00 PM,Punjab,1,13
262,03/21/2020,06:00:00 PM,Rajasthan,0,17
263,03/21/2020,06:00:00 PM,Tamil Nadu,0,3
264,03/21/2020,06:00:00 PM,Telengana,0,21
265,03/21/2020,06:00:00 PM,Chandigarh,0,1
266,03/21/2020,06:00:00 PM,Jammu and Kashmir,0,4
267,03/21/2020,06:00:00 PM,Ladakh,0,13
268,03/21/2020,06:00:00 PM,Uttar Pradesh,0,24
269,03/21/2020,06:00:00 PM,Uttarakhand,0,3
270,03/21/2020,06:00:00 PM,West Bengal,0,3
271,03/22/2020,06:00:00 PM,Andhra Pradesh,0,5
272,03/22/2020,06:00:00 PM,Bihar,1,2
273,03/22/2020,06:00:00 PM,Chhattisgarh,0,1
274,03/22/2020,06:00:00 PM,Delhi,1,29
275,03/22/2020,06:00:00 PM,Gujarat,1,18
276,03/22/2020,06:00:00 PM,Haryana,0,21
277,03/22/2020,06:00:00 PM,Himachal Pradesh,0,2
278,03/22/2020,06:00:00 PM,Karnataka,1,26
279,03/22/2020,06:00:00 PM,Kerala,0,52
280,03/22/2020,06:00:00 PM,Madhya Pradesh,0,4
281,03/22/2020,06:00:00 PM,Maharashtra,2,67
282,03/22/2020,06:00:00 PM,Odisha,0,2
283,03/22/2020,06:00:00 PM,Puducherry,0,1
284,03/22/2020,06:00:00 PM,Punjab,1,21
285,03/22/2020,06:00:00 PM,Rajasthan,0,24
286,03/22/2020,06:00:00 PM,Tamil Nadu,0,7
287,03/22/2020,06:00:00 PM,Telengana,0,22
288,03/22/2020,06:00:00 PM,Chandigarh,0,5
289,03/22/2020,06:00:00 PM,Jammu and Kashmir,0,4
290,03/22/2020,06:00:00 PM,Ladakh,0,13
291,03/22/2020,06:00:00 PM,Uttar Pradesh,0,27
292,03/22/2020,06:00:00 PM,Uttarakhand,0,3
293,03/22/2020,06:00:00 PM,West Bengal,0,4
294,03/23/2020,06:00:00 PM,Andhra Pradesh,0,7
295,03/23/2020,06:00:00 PM,Bihar,1,2
296,03/23/2020,06:00:00 PM,Chhattisgarh,0,1
297,03/23/2020,06:00:00 PM,Delhi,1,29
298,03/23/2020,06:00:00 PM,Gujarat,1,29
299,03/23/2020,06:00:00 PM,Haryana,0,26
300,03/23/2020,06:00:00 PM,Himachal Pradesh,0,2
301,03/23/2020,06:00:00 PM,Karnataka,1,33
302,03/23/2020,06:00:00 PM,Kerala,0,67
303,03/23/2020,06:00:00 PM,Madhya Pradesh,0,6
304,03/23/2020,06:00:00 PM,Maharashtra,2,74
305,03/23/2020,06:00:00 PM,Odisha,0,2
306,03/23/2020,06:00:00 PM,Puducherry,0,1
307,03/23/2020,06:00:00 PM,Punjab,1,21
308,03/23/2020,06:00:00 PM,Rajasthan,0,28
309,03/23/2020,06:00:00 PM,Tamil Nadu,0,9
310,03/23/2020,06:00:00 PM,Telengana,0,32
311,03/23/2020,06:00:00 PM,Chandigarh,0,6
312,03/23/2020,06:00:00 PM,Jammu and Kashmir,0,4
313,03/23/2020,06:00:00 PM,Ladakh,0,13
314,03/23/2020,06:00:00 PM,Uttar Pradesh,0,31
315,03/23/2020,06:00:00 PM,Uttarakhand,0,3
316,03/23/2020,06:00:00 PM,West Bengal,0,7
317,03/24/2020,06:00:00 PM,Andhra Pradesh,0,8
318,03/24/2020,06:00:00 PM,Bihar,1,3
319,03/24/2020,06:00:00 PM,Chhattisgarh,0,1
320,03/24/2020,06:00:00 PM,Delhi,1,30
321,03/24/2020,06:00:00 PM,Gujarat,1,33
322,03/24/2020,06:00:00 PM,Haryana,0,28
323,03/24/2020,06:00:00 PM,Himachal Pradesh,1,3
324,03/24/2020,06:00:00 PM,Karnataka,1,37
325,03/24/2020,06:00:00 PM,Kerala,0,95
326,03/24/2020,06:00:00 PM,Madhya Pradesh,0,7
327,03/24/2020,06:00:00 PM,Maharashtra,2,89
328,03/24/2020,06:00:00 PM,Manipur,0,1
329,03/24/2020,06:00:00 PM,Odisha,0,2
330,03/24/2020,06:00:00 PM,Puducherry,0,1
331,03/24/2020,06:00:00 PM,Punjab,1,29
332,03/24/2020,06:00:00 PM,Rajasthan,0,32
333,03/24/2020,06:00:00 PM,Tamil Nadu,0,15
334,03/24/2020,06:00:00 PM,Telengana,0,35
335,03/24/2020,06:00:00 PM,Chandigarh,0,7
336,03/24/2020,06:00:00 PM,Jammu and Kashmir,0,4
337,03/24/2020,06:00:00 PM,Ladakh,0,13
338,03/24/2020,06:00:00 PM,Uttar Pradesh,0,33
339,03/24/2020,06:00:00 PM,Uttarakhand,0,4
340,03/24/2020,06:00:00 PM,West Bengal,1,9
341,03/25/2020,06:00:00 PM,Andhra Pradesh,0,9
342,03/25/2020,06:00:00 PM,Bihar,1,4
343,03/25/2020,06:00:00 PM,Chhattisgarh,0,1
344,03/25/2020,06:00:00 PM,Delhi,1,31
345,03/25/2020,06:00:00 PM,Gujarat,1,38
346,03/25/2020,06:00:00 PM,Haryana,0,28
347,03/25/2020,06:00:00 PM,Himachal Pradesh,1,3
348,03/25/2020,06:00:00 PM,Karnataka,1,41
349,03/25/2020,06:00:00 PM,Kerala,0,109
350,03/25/2020,06:00:00 PM,Madhya Pradesh,0,14
351,03/25/2020,06:00:00 PM,Maharashtra,3,128
352,03/25/2020,06:00:00 PM,Manipur,0,1
353,03/25/2020,06:00:00 PM,Mizoram,0,1
354,03/25/2020,06:00:00 PM,Odisha,0,2
355,03/25/2020,06:00:00 PM,Puducherry,0,1
356,03/25/2020,06:00:00 PM,Punjab,1,29
357,03/25/2020,06:00:00 PM,Rajasthan,0,36
358,03/25/2020,06:00:00 PM,Tamil Nadu,0,18
359,03/25/2020,06:00:00 PM,Telengana,0,35
360,03/25/2020,06:00:00 PM,Chandigarh,0,7
361,03/25/2020,06:00:00 PM,Jammu and Kashmir,0,7
362,03/25/2020,06:00:00 PM,Ladakh,0,13
363,03/25/2020,06:00:00 PM,Uttar Pradesh,0,37
364,03/25/2020,06:00:00 PM,Uttarakhand,0,4
365,03/25/2020,06:00:00 PM,West Bengal,1,9
366,03/26/2020,06:00:00 PM,Andaman and Nicobar Islands,0,1
367,03/26/2020,06:00:00 PM,Andhra Pradesh,0,11
368,03/26/2020,06:00:00 PM,Bihar,1,6
369,03/26/2020,06:00:00 PM,Chandigarh,0,7
370,03/26/2020,06:00:00 PM,Chhattisgarh,0,6
371,03/26/2020,06:00:00 PM,Delhi,1,36
372,03/26/2020,06:00:00 PM,Goa,0,3
373,03/26/2020,06:00:00 PM,Gujarat,3,43
374,03/26/2020,06:00:00 PM,Haryana,0,30
375,03/26/2020,06:00:00 PM,Himachal Pradesh,1,3
376,03/26/2020,06:00:00 PM,Jammu and Kashmir,0,13
377,03/26/2020,06:00:00 PM,Karnataka,2,55
378,03/26/2020,06:00:00 PM,Kerala,0,118
379,03/26/2020,06:00:00 PM,Ladakh,0,13
380,03/26/2020,06:00:00 PM,Madhya Pradesh,1,20
381,03/26/2020,06:00:00 PM,Maharashtra,3,124
382,03/26/2020,06:00:00 PM,Manipur,0,1
383,03/26/2020,06:00:00 PM,Mizoram,0,1
384,03/26/2020,06:00:00 PM,Odisha,0,2
385,03/26/2020,06:00:00 PM,Puducherry,0,1
386,03/26/2020,06:00:00 PM,Punjab,1,33
387,03/26/2020,06:00:00 PM,Rajasthan,0,41
388,03/26/2020,06:00:00 PM,Tamil Nadu,1,26
389,03/26/2020,06:00:00 PM,Telengana,0,44
390,03/26/2020,06:00:00 PM,Uttarakhand,0,5
391,03/26/2020,06:00:00 PM,Uttar Pradesh,0,41
392,03/26/2020,06:00:00 PM,West Bengal,1,10
393,03/27/2020,10:00:00 AM,Andaman and Nicobar Islands,0,1
394,03/27/2020,10:00:00 AM,Andhra Pradesh,0,12
395,03/27/2020,10:00:00 AM,Bihar,1,6
396,03/27/2020,10:00:00 AM,Chandigarh,0,7
397,03/27/2020,10:00:00 AM,Chhattisgarh,0,6
398,03/27/2020,10:00:00 AM,Delhi,1,36
399,03/27/2020,10:00:00 AM,Goa,0,3
400,03/27/2020,10:00:00 AM,Gujarat,3,43
401,03/27/2020,10:00:00 AM,Haryana,0,30
402,03/27/2020,10:00:00 AM,Himachal Pradesh,1,3
403,03/27/2020,10:00:00 AM,Jammu and Kashmir,1,13
404,03/27/2020,10:00:00 AM,Karnataka,2,55
405,03/27/2020,10:00:00 AM,Kerala,0,137
406,03/27/2020,10:00:00 AM,Ladakh,0,13
407,03/27/2020,10:00:00 AM,Madhya Pradesh,1,20
408,03/27/2020,10:00:00 AM,Maharashtra,4,130
409,03/27/2020,10:00:00 AM,Manipur,0,1
410,03/27/2020,10:00:00 AM,Mizoram,0,1
411,03/27/2020,10:00:00 AM,Odisha,0,2
412,03/27/2020,10:00:00 AM,Puducherry,0,1
413,03/27/2020,10:00:00 AM,Punjab,1,33
414,03/27/2020,10:00:00 AM,Rajasthan,0,41
415,03/27/2020,10:00:00 AM,Tamil Nadu,1,29
416,03/27/2020,10:00:00 AM,Telengana,0,45
417,03/27/2020,10:00:00 AM,Uttarakhand,0,5
418,03/27/2020,10:00:00 AM,Uttar Pradesh,0,41
419,03/27/2020,10:00:00 AM,West Bengal,1,10
420,03/28/2020,06:00:00 PM,Andhra Pradesh,0,14
421,03/28/2020,06:00:00 PM,Andaman and Nicobar Islands,0,6
422,03/28/2020,06:00:00 PM,Bihar,1,9
423,03/28/2020,06:00:00 PM,Chandigarh,0,8
424,03/28/2020,06:00:00 PM,Chhattisgarh,0,6
425,03/28/2020,06:00:00 PM,Delhi,1,39
426,03/28/2020,06:00:00 PM,Goa,0,3
427,03/28/2020,06:00:00 PM,Gujarat,3,45
428,03/28/2020,06:00:00 PM,Haryana,0,33
429,03/28/2020,06:00:00 PM,Himachal Pradesh,1,3
430,03/28/2020,06:00:00 PM,Jammu and Kashmir,1,20
431,03/28/2020,06:00:00 PM,Karnataka,2,55
432,03/28/2020,06:00:00 PM,Kerala,0,176
433,03/28/2020,06:00:00 PM,Ladakh,0,13
434,03/28/2020,06:00:00 PM,Madhya Pradesh,2,30
435,03/28/2020,06:00:00 PM,Maharashtra,5,180
436,03/28/2020,06:00:00 PM,Manipur,0,1
437,03/28/2020,06:00:00 PM,Mizoram,0,1
438,03/28/2020,06:00:00 PM,Odisha,0,3
439,03/28/2020,06:00:00 PM,Puducherry,0,1
440,03/28/2020,06:00:00 PM,Punjab,1,38
441,03/28/2020,06:00:00 PM,Rajasthan,0,54
442,03/28/2020,06:00:00 PM,Tamil Nadu,1,40
443,03/28/2020,06:00:00 PM,Telengana,0,56
444,03/28/2020,06:00:00 PM,Uttarakhand,0,5
445,03/28/2020,06:00:00 PM,Uttar Pradesh,0,55
446,03/28/2020,06:00:00 PM,West Bengal,1,15
447,03/29/2020,07:30:00 PM,Andhra Pradesh,0,19
448,03/29/2020,07:30:00 PM,Andaman and Nicobar Islands,0,9
449,03/29/2020,07:30:00 PM,Bihar,1,11
450,03/29/2020,07:30:00 PM,Chandigarh,0,8
451,03/29/2020,07:30:00 PM,Chhattisgarh,0,7
452,03/29/2020,07:30:00 PM,Delhi,2,49
453,03/29/2020,07:30:00 PM,Goa,0,5
454,03/29/2020,07:30:00 PM,Gujarat,5,58
455,03/29/2020,07:30:00 PM,Haryana,0,33
456,03/29/2020,07:30:00 PM,Himachal Pradesh,1,3
457,03/29/2020,07:30:00 PM,Jammu and Kashmir,2,31
458,03/29/2020,07:30:00 PM,Karnataka,3,76
459,03/29/2020,07:30:00 PM,Kerala,1,182
460,03/29/2020,07:30:00 PM,Ladakh,0,13
461,03/29/2020,07:30:00 PM,Madhya Pradesh,2,30
462,03/29/2020,07:30:00 PM,Maharashtra,6,186
463,03/29/2020,07:30:00 PM,Manipur,0,1
464,03/29/2020,07:30:00 PM,Mizoram,0,1
465,03/29/2020,07:30:00 PM,Odisha,0,3
466,03/29/2020,07:30:00 PM,Puducherry,0,1
467,03/29/2020,07:30:00 PM,Punjab,1,38
468,03/29/2020,07:30:00 PM,Rajasthan,0,55
469,03/29/2020,07:30:00 PM,Tamil Nadu,1,49
470,03/29/2020,07:30:00 PM,Telengana,1,66
471,03/29/2020,07:30:00 PM,Uttarakhand,0,7
472,03/29/2020,07:30:00 PM,Uttar Pradesh,0,65
473,03/29/2020,07:30:00 PM,West Bengal,1,18
474,03/30/2020,09:30:00 PM,Andhra Pradesh,0,23
475,03/30/2020,09:30:00 PM,Andaman and Nicobar Islands,0,9
476,03/30/2020,09:30:00 PM,Bihar,1,15
477,03/30/2020,09:30:00 PM,Chandigarh,0,8
478,03/30/2020,09:30:00 PM,Chhattisgarh,0,7
479,03/30/2020,09:30:00 PM,Delhi,2,87
480,03/30/2020,09:30:00 PM,Goa,0,5
481,03/30/2020,09:30:00 PM,Gujarat,6,69
482,03/30/2020,09:30:00 PM,Haryana,0,36
483,03/30/2020,09:30:00 PM,Himachal Pradesh,1,3
484,03/30/2020,09:30:00 PM,Jammu and Kashmir,2,48
485,03/30/2020,09:30:00 PM,Karnataka,3,83
486,03/30/2020,09:30:00 PM,Kerala,1,202
487,03/30/2020,09:30:00 PM,Ladakh,0,13
488,03/30/2020,09:30:00 PM,Madhya Pradesh,3,47
489,03/30/2020,09:30:00 PM,Maharashtra,8,198
490,03/30/2020,09:30:00 PM,Manipur,0,1
491,03/30/2020,09:30:00 PM,Mizoram,0,1
492,03/30/2020,09:30:00 PM,Odisha,0,3
493,03/30/2020,09:30:00 PM,Puducherry,0,1
494,03/30/2020,09:30:00 PM,Punjab,1,38
495,03/30/2020,09:30:00 PM,Rajasthan,0,59
496,03/30/2020,09:30:00 PM,Tamil Nadu,1,67
497,03/30/2020,09:30:00 PM,Telengana,1,71
498,03/30/2020,09:30:00 PM,Uttarakhand,0,7
499,03/30/2020,09:30:00 PM,Uttar Pradesh,0,82
500,03/30/2020,09:30:00 PM,West Bengal,1,22
501,03/30/2020,09:30:00 PM,Unassigned,0,46
502,03/31/2020,08:30:00 PM,Andhra Pradesh,0,40
503,03/31/2020,08:30:00 PM,Andaman and Nicobar Islands,0,10
504,03/31/2020,08:30:00 PM,Bihar,1,15
505,03/31/2020,08:30:00 PM,Chandigarh,0,13
506,03/31/2020,08:30:00 PM,Chhattisgarh,0,8
507,03/31/2020,08:30:00 PM,Delhi,2,97
508,03/31/2020,08:30:00 PM,Goa,0,5
509,03/31/2020,08:30:00 PM,Gujarat,6,73
510,03/31/2020,08:30:00 PM,Haryana,0,40
511,03/31/2020,08:30:00 PM,Himachal Pradesh,1,3
512,03/31/2020,08:30:00 PM,Jammu and Kashmir,2,54
513,03/31/2020,08:30:00 PM,Karnataka,3,83
514,03/31/2020,08:30:00 PM,Kerala,1,234
515,03/31/2020,08:30:00 PM,Ladakh,0,13
516,03/31/2020,08:30:00 PM,Madhya Pradesh,3,47
517,03/31/2020,08:30:00 PM,Maharashtra,9,216
518,03/31/2020,08:30:00 PM,Manipur,0,1
519,03/31/2020,08:30:00 PM,Mizoram,0,1
520,03/31/2020,08:30:00 PM,Odisha,0,3
521,03/31/2020,08:30:00 PM,Puducherry,0,1
522,03/31/2020,08:30:00 PM,Punjab,3,41
523,03/31/2020,08:30:00 PM,Rajasthan,0,74
524,03/31/2020,08:30:00 PM,Tamil Nadu,1,74
525,03/31/2020,08:30:00 PM,Telengana,1,79
526,03/31/2020,08:30:00 PM,Uttarakhand,0,7
527,03/31/2020,08:30:00 PM,Uttar Pradesh,0,101
528,03/31/2020,08:30:00 PM,West Bengal,2,26
529,03/31/2020,08:30:00 PM,Unassigned,0,38
530,04/01/2020,07:30:00 PM,Andhra Pradesh,0,83
531,04/01/2020,07:30:00 PM,Andaman and Nicobar Islands,0,10
532,04/01/2020,07:30:00 PM,Assam,0,1
533,04/01/2020,07:30:00 PM,Bihar,1,23
534,04/01/2020,07:30:00 PM,Chandigarh,0,16
535,04/01/2020,07:30:00 PM,Chhattisgarh,0,9
536,04/01/2020,07:30:00 PM,Delhi,2,152
537,04/01/2020,07:30:00 PM,Goa,0,5
538,04/01/2020,07:30:00 PM,Gujarat,6,82
539,04/01/2020,07:30:00 PM,Haryana,0,43
540,04/01/2020,07:30:00 PM,Himachal Pradesh,1,3
541,04/01/2020,07:30:00 PM,Jammu and Kashmir,2,62
542,04/01/2020,07:30:00 PM,Jharkhand,0,1
543,04/01/2020,07:30:00 PM,Karnataka,3,101
544,04/01/2020,07:30:00 PM,Kerala,2,241
545,04/01/2020,07:30:00 PM,Ladakh,0,13
546,04/01/2020,07:30:00 PM,Madhya Pradesh,3,66
547,04/01/2020,07:30:00 PM,Maharashtra,9,302
548,04/01/2020,07:30:00 PM,Manipur,0,1
549,04/01/2020,07:30:00 PM,Mizoram,0,1
550,04/01/2020,07:30:00 PM,Odisha,0,4
551,04/01/2020,07:30:00 PM,Puducherry,0,3
552,04/01/2020,07:30:00 PM,Punjab,3,42
553,04/01/2020,07:30:00 PM,Rajasthan,0,93
554,04/01/2020,07:30:00 PM,Tamil Nadu,1,234
555,04/01/2020,07:30:00 PM,Telengana,3,96
556,04/01/2020,07:30:00 PM,Uttarakhand,0,7
557,04/01/2020,07:30:00 PM,Uttar Pradesh,2,103
558,04/01/2020,07:30:00 PM,West Bengal,3,37
559,04/02/2020,06:00:00 PM,Andhra Pradesh,1,86
560,04/02/2020,06:00:00 PM,Andaman and Nicobar Islands,0,10
561,04/02/2020,06:00:00 PM,Assam,0,5
562,04/02/2020,06:00:00 PM,Bihar,1,24
563,04/02/2020,06:00:00 PM,Chandigarh,0,16
564,04/02/2020,06:00:00 PM,Chhattisgarh,0,9
565,04/02/2020,06:00:00 PM,Delhi,4,219
566,04/02/2020,06:00:00 PM,Goa,0,5
567,04/02/2020,06:00:00 PM,Gujarat,7,87
568,04/02/2020,06:00:00 PM,Haryana,0,43
569,04/02/2020,06:00:00 PM,Himachal Pradesh,1,3
570,04/02/2020,06:00:00 PM,Jammu and Kashmir,2,62
571,04/02/2020,06:00:00 PM,Jharkhand,0,1
572,04/02/2020,06:00:00 PM,Karnataka,3,110
573,04/02/2020,06:00:00 PM,Kerala,2,265
574,04/02/2020,06:00:00 PM,Ladakh,0,13
575,04/02/2020,06:00:00 PM,Madhya Pradesh,6,99
576,04/02/2020,06:00:00 PM,Maharashtra,13,335
577,04/02/2020,06:00:00 PM,Manipur,0,1
578,04/02/2020,06:00:00 PM,Mizoram,0,1
579,04/02/2020,06:00:00 PM,Odisha,0,4
580,04/02/2020,06:00:00 PM,Puducherry,0,3
581,04/02/2020,06:00:00 PM,Punjab,4,46
582,04/02/2020,06:00:00 PM,Rajasthan,0,108
583,04/02/2020,06:00:00 PM,Tamil Nadu,1,234
584,04/02/2020,06:00:00 PM,Telengana,3,107
585,04/02/2020,06:00:00 PM,Uttarakhand,0,7
586,04/02/2020,06:00:00 PM,Uttar Pradesh,2,113
587,04/02/2020,06:00:00 PM,West Bengal,3,53
588,04/03/2020,06:00:00 PM,Andhra Pradesh,1,132
589,04/03/2020,06:00:00 PM,Andaman and Nicobar Islands,0,10
590,04/03/2020,06:00:00 PM,Arunachal Pradesh,0,1
591,04/03/2020,06:00:00 PM,Assam,0,16
592,04/03/2020,06:00:00 PM,Bihar,1,29
593,04/03/2020,06:00:00 PM,Chandigarh,0,18
594,04/03/2020,06:00:00 PM,Chhattisgarh,0,9
595,04/03/2020,06:00:00 PM,Delhi,4,219
596,04/03/2020,06:00:00 PM,Goa,0,6
597,04/03/2020,06:00:00 PM,Gujarat,8,95
598,04/03/2020,06:00:00 PM,Haryana,0,49
599,04/03/2020,06:00:00 PM,Himachal Pradesh,1,6
600,04/03/2020,06:00:00 PM,Jammu and Kashmir,2,75
601,04/03/2020,06:00:00 PM,Jharkhand,0,2
602,04/03/2020,06:00:00 PM,Karnataka,3,124
603,04/03/2020,06:00:00 PM,Kerala,2,286
604,04/03/2020,06:00:00 PM,Ladakh,0,14
605,04/03/2020,06:00:00 PM,Madhya Pradesh,6,104
606,04/03/2020,06:00:00 PM,Maharashtra,16,335
607,04/03/2020,06:00:00 PM,Manipur,0,2
608,04/03/2020,06:00:00 PM,Mizoram,0,1
609,04/03/2020,06:00:00 PM,Odisha,0,5
610,04/03/2020,06:00:00 PM,Puducherry,0,5
611,04/03/2020,06:00:00 PM,Punjab,5,48
612,04/03/2020,06:00:00 PM,Rajasthan,0,167
613,04/03/2020,06:00:00 PM,Tamil Nadu,1,309
614,04/03/2020,06:00:00 PM,Telengana,7,158
615,04/03/2020,06:00:00 PM,Uttarakhand,0,10
616,04/03/2020,06:00:00 PM,Uttar Pradesh,2,172
617,04/03/2020,06:00:00 PM,West Bengal,3,63
618,04/03/2020,06:00:00 PM,Unassigned,0,77
619,04/04/2020,06:00:00 PM,Andhra Pradesh,1,161
620,04/04/2020,06:00:00 PM,Andaman and Nicobar Islands,0,10
621,04/04/2020,06:00:00 PM,Arunachal Pradesh,0,1
622,04/04/2020,06:00:00 PM,Assam,0,24
623,04/04/2020,06:00:00 PM,Bihar,1,30
624,04/04/2020,06:00:00 PM,Chandigarh,0,18
625,04/04/2020,06:00:00 PM,Chhattisgarh,0,9
626,04/04/2020,06:00:00 PM,Delhi,6,445
627,04/04/2020,06:00:00 PM,Goa,0,7
628,04/04/2020,06:00:00 PM,Gujarat,10,105
629,04/04/2020,06:00:00 PM,Haryana,0,49
630,04/04/2020,06:00:00 PM,Himachal Pradesh,1,6
631,04/04/2020,06:00:00 PM,Jammu and Kashmir,2,75
632,04/04/2020,06:00:00 PM,Jharkhand,0,2
633,04/04/2020,06:00:00 PM,Karnataka,3,128
634,04/04/2020,06:00:00 PM,Kerala,2,295
635,04/04/2020,06:00:00 PM,Ladakh,0,14
636,04/04/2020,06:00:00 PM,Madhya Pradesh,6,104
637,04/04/2020,06:00:00 PM,Maharashtra,24,490
638,04/04/2020,06:00:00 PM,Manipur,0,2
639,04/04/2020,06:00:00 PM,Mizoram,0,1
640,04/04/2020,06:00:00 PM,Odisha,0,5
641,04/04/2020,06:00:00 PM,Puducherry,0,5
642,04/04/2020,06:00:00 PM,Punjab,5,57
643,04/04/2020,06:00:00 PM,Rajasthan,0,200
644,04/04/2020,06:00:00 PM,Tamil Nadu,2,411
645,04/04/2020,06:00:00 PM,Telengana,7,159
646,04/04/2020,06:00:00 PM,Uttarakhand,0,16
647,04/04/2020,06:00:00 PM,Uttar Pradesh,2,174
648,04/04/2020,06:00:00 PM,West Bengal,3,69
649,04/05/2020,06:00:00 PM,Andhra Pradesh,1,190
650,04/05/2020,06:00:00 PM,Andaman and Nicobar Islands,0,10
651,04/05/2020,06:00:00 PM,Arunachal Pradesh,0,1
652,04/05/2020,06:00:00 PM,Assam,0,26
653,04/05/2020,06:00:00 PM,Bihar,1,30
654,04/05/2020,06:00:00 PM,Chandigarh,0,18
655,04/05/2020,06:00:00 PM,Chhattisgarh,0,9
656,04/05/2020,06:00:00 PM,Delhi,7,503
657,04/05/2020,06:00:00 PM,Goa,0,7
658,04/05/2020,06:00:00 PM,Gujarat,11,122
659,04/05/2020,06:00:00 PM,Haryana,1,59
660,04/05/2020,06:00:00 PM,Himachal Pradesh,1,6
661,04/05/2020,06:00:00 PM,Jammu and Kashmir,2,106
662,04/05/2020,06:00:00 PM,Jharkhand,0,3
663,04/05/2020,06:00:00 PM,Karnataka,4,144
664,04/05/2020,06:00:00 PM,Kerala,2,306
665,04/05/2020,06:00:00 PM,Ladakh,0,14
666,04/05/2020,06:00:00 PM,Madhya Pradesh,9,165
667,04/05/2020,06:00:00 PM,Maharashtra,24,490
668,04/05/2020,06:00:00 PM,Manipur,0,2
669,04/05/2020,06:00:00 PM,Mizoram,0,1
670,04/05/2020,06:00:00 PM,Odisha,0,20
671,04/05/2020,06:00:00 PM,Puducherry,0,5
672,04/05/2020,06:00:00 PM,Punjab,5,57
673,04/05/2020,06:00:00 PM,Rajasthan,0,200
674,04/05/2020,06:00:00 PM,Tamil Nadu,3,485
675,04/05/2020,06:00:00 PM,Telengana,7,269
676,04/05/2020,06:00:00 PM,Uttarakhand,0,22
677,04/05/2020,06:00:00 PM,Uttar Pradesh,2,227
678,04/05/2020,06:00:00 PM,West Bengal,3,80
679,04/06/2020,06:00:00 PM,Andhra Pradesh,3,226
680,04/06/2020,06:00:00 PM,Andaman and Nicobar Islands,0,10
681,04/06/2020,06:00:00 PM,Arunachal Pradesh,0,1
682,04/06/2020,06:00:00 PM,Assam,0,26
683,04/06/2020,06:00:00 PM,Bihar,1,32
684,04/06/2020,06:00:00 PM,Chandigarh,0,18
685,04/06/2020,06:00:00 PM,Chhattisgarh,0,10
686,04/06/2020,06:00:00 PM,Delhi,7,523
687,04/06/2020,06:00:00 PM,Goa,0,7
688,04/06/2020,06:00:00 PM,Gujarat,12,144
689,04/06/2020,06:00:00 PM,Haryana,1,84
690,04/06/2020,06:00:00 PM,Himachal Pradesh,1,13
691,04/06/2020,06:00:00 PM,Jammu and Kashmir,2,109
692,04/06/2020,06:00:00 PM,Jharkhand,0,4
693,04/06/2020,06:00:00 PM,Karnataka,4,151
694,04/06/2020,06:00:00 PM,Kerala,2,314
695,04/06/2020,06:00:00 PM,Ladakh,0,14
696,04/06/2020,06:00:00 PM,Madhya Pradesh,9,165
697,04/06/2020,06:00:00 PM,Maharashtra,45,748
698,04/06/2020,06:00:00 PM,Manipur,0,2
699,04/06/2020,06:00:00 PM,Mizoram,0,1
700,04/06/2020,06:00:00 PM,Odisha,0,21
701,04/06/2020,06:00:00 PM,Puducherry,0,5
702,04/06/2020,06:00:00 PM,Punjab,6,76
703,04/06/2020,06:00:00 PM,Rajasthan,0,274
704,04/06/2020,06:00:00 PM,Tamil Nadu,5,571
705,04/06/2020,06:00:00 PM,Telengana,7,321
706,04/06/2020,06:00:00 PM,Uttarakhand,0,26
707,04/06/2020,06:00:00 PM,Uttar Pradesh,3,305
708,04/06/2020,06:00:00 PM,West Bengal,3,80
709,04/07/2020,06:00:00 PM,Andhra Pradesh,3,266
710,04/07/2020,06:00:00 PM,Andaman and Nicobar Islands,0,10
711,04/07/2020,06:00:00 PM,Arunachal Pradesh,0,1
712,04/07/2020,06:00:00 PM,Assam,0,26
713,04/07/2020,06:00:00 PM,Bihar,1,32
714,04/07/2020,06:00:00 PM,Chandigarh,0,18
715,04/07/2020,06:00:00 PM,Chhattisgarh,0,10
716,04/07/2020,06:00:00 PM,Delhi,7,576
717,04/07/2020,06:00:00 PM,Goa,0,7
718,04/07/2020,06:00:00 PM,Gujarat,13,165
719,04/07/2020,06:00:00 PM,Haryana,1,90
720,04/07/2020,06:00:00 PM,Himachal Pradesh,1,13
721,04/07/2020,06:00:00 PM,Jammu and Kashmir,2,116
722,04/07/2020,06:00:00 PM,Jharkhand,0,4
723,04/07/2020,06:00:00 PM,Karnataka,4,175
724,04/07/2020,06:00:00 PM,Kerala,2,327
725,04/07/2020,06:00:00 PM,Ladakh,0,14
726,04/07/2020,06:00:00 PM,Madhya Pradesh,13,229
727,04/07/2020,06:00:00 PM,Maharashtra,48,868
728,04/07/2020,06:00:00 PM,Manipur,0,2
729,04/07/2020,06:00:00 PM,Mizoram,0,1
730,04/07/2020,06:00:00 PM,Odisha,1,42
731,04/07/2020,06:00:00 PM,Puducherry,0,5
732,04/07/2020,06:00:00 PM,Punjab,7,91
733,04/07/2020,06:00:00 PM,Rajasthan,3,288
734,04/07/2020,06:00:00 PM,Tamil Nadu,5,621
735,04/07/2020,06:00:00 PM,Telengana,7,364
736,04/07/2020,06:00:00 PM,Tripura,0,1
737,04/07/2020,06:00:00 PM,Uttarakhand,0,31
738,04/07/2020,06:00:00 PM,Uttar Pradesh,3,305
739,04/07/2020,06:00:00 PM,West Bengal,3,91
740,04/08/2020,05:00:00 PM,Andhra Pradesh,4,305
741,04/08/2020,05:00:00 PM,Andaman and Nicobar Islands,0,10
742,04/08/2020,05:00:00 PM,Arunachal Pradesh,0,1
743,04/08/2020,05:00:00 PM,Assam,0,27
744,04/08/2020,05:00:00 PM,Bihar,1,38
745,04/08/2020,05:00:00 PM,Chandigarh,0,18
746,04/08/2020,05:00:00 PM,Chhattisgarh,0,10
747,04/08/2020,05:00:00 PM,Delhi,9,576
748,04/08/2020,05:00:00 PM,Goa,0,7
749,04/08/2020,05:00:00 PM,Gujarat,13,165
750,04/08/2020,05:00:00 PM,Haryana,3,147
751,04/08/2020,05:00:00 PM,Himachal Pradesh,1,18
752,04/08/2020,05:00:00 PM,Jammu and Kashmir,2,116
753,04/08/2020,05:00:00 PM,Jharkhand,0,4
754,04/08/2020,05:00:00 PM,Karnataka,4,175
755,04/08/2020,05:00:00 PM,Kerala,2,336
756,04/08/2020,05:00:00 PM,Ladakh,0,14
757,04/08/2020,05:00:00 PM,Madhya Pradesh,13,229
758,04/08/2020,05:00:00 PM,Maharashtra,64,1018
759,04/08/2020,05:00:00 PM,Manipur,0,2
760,04/08/2020,05:00:00 PM,Mizoram,0,1
761,04/08/2020,05:00:00 PM,Odisha,1,42
762,04/08/2020,05:00:00 PM,Puducherry,0,5
763,04/08/2020,05:00:00 PM,Punjab,7,91
764,04/08/2020,05:00:00 PM,Rajasthan,3,328
765,04/08/2020,05:00:00 PM,Tamil Nadu,7,690
766,04/08/2020,05:00:00 PM,Telengana,7,427
767,04/08/2020,05:00:00 PM,Tripura,0,1
768,04/08/2020,05:00:00 PM,Uttarakhand,0,31
769,04/08/2020,05:00:00 PM,Uttar Pradesh,3,343
770,04/08/2020,05:00:00 PM,West Bengal,5,99
771,04/09/2020,05:00:00 PM,Andhra Pradesh,4,348
772,04/09/2020,05:00:00 PM,Andaman and Nicobar Islands,0,11
773,04/09/2020,05:00:00 PM,Arunachal Pradesh,0,1
774,04/09/2020,05:00:00 PM,Assam,0,28
775,04/09/2020,05:00:00 PM,Bihar,1,39
776,04/09/2020,05:00:00 PM,Chandigarh,0,18
777,04/09/2020,05:00:00 PM,Chhattisgarh,0,10
778,04/09/2020,05:00:00 PM,Delhi,9,669
779,04/09/2020,05:00:00 PM,Goa,0,7
780,04/09/2020,05:00:00 PM,Gujarat,16,179
781,04/09/2020,05:00:00 PM,Haryana,3,169
782,04/09/2020,05:00:00 PM,Himachal Pradesh,1,18
783,04/09/2020,05:00:00 PM,Jammu and Kashmir,4,158
784,04/09/2020,05:00:00 PM,Jharkhand,0,13
785,04/09/2020,05:00:00 PM,Karnataka,5,181
786,04/09/2020,05:00:00 PM,Kerala,2,345
787,04/09/2020,05:00:00 PM,Ladakh,0,14
788,04/09/2020,05:00:00 PM,Madhya Pradesh,16,259
789,04/09/2020,05:00:00 PM,Maharashtra,72,1135
790,04/09/2020,05:00:00 PM,Manipur,0,2
791,04/09/2020,05:00:00 PM,Mizoram,0,1
792,04/09/2020,05:00:00 PM,Odisha,1,42
793,04/09/2020,05:00:00 PM,Puducherry,0,5
794,04/09/2020,05:00:00 PM,Punjab,8,101
795,04/09/2020,05:00:00 PM,Rajasthan,3,383
796,04/09/2020,05:00:00 PM,Tamil Nadu,8,738
797,04/09/2020,05:00:00 PM,Telengana,7,442
798,04/09/2020,05:00:00 PM,Tripura,0,1
799,04/09/2020,05:00:00 PM,Uttarakhand,0,35
800,04/09/2020,05:00:00 PM,Uttar Pradesh,4,410
801,04/09/2020,05:00:00 PM,West Bengal,5,103
802,04/10/2020,05:00:00 PM,Andhra Pradesh,6,363
803,04/10/2020,05:00:00 PM,Andaman and Nicobar Islands,0,11
804,04/10/2020,05:00:00 PM,Arunachal Pradesh,0,1
805,04/10/2020,05:00:00 PM,Assam,0,29
806,04/10/2020,05:00:00 PM,Bihar,1,60
807,04/10/2020,05:00:00 PM,Chandigarh,0,18
808,04/10/2020,05:00:00 PM,Chhattisgarh,0,10
809,04/10/2020,05:00:00 PM,Delhi,13,898
810,04/10/2020,05:00:00 PM,Goa,0,7
811,04/10/2020,05:00:00 PM,Gujarat,17,241
812,04/10/2020,05:00:00 PM,Haryana,3,169
813,04/10/2020,05:00:00 PM,Himachal Pradesh,1,28
814,04/10/2020,05:00:00 PM,Jammu and Kashmir,4,184
815,04/10/2020,05:00:00 PM,Jharkhand,1,13
816,04/10/2020,05:00:00 PM,Karnataka,6,197
817,04/10/2020,05:00:00 PM,Kerala,2,357
818,04/10/2020,05:00:00 PM,Ladakh,0,15
819,04/10/2020,05:00:00 PM,Madhya Pradesh,16,259
820,04/10/2020,05:00:00 PM,Maharashtra,97,1364
821,04/10/2020,05:00:00 PM,Manipur,0,2
822,04/10/2020,05:00:00 PM,Mizoram,0,1
823,04/10/2020,05:00:00 PM,Odisha,1,44
824,04/10/2020,05:00:00 PM,Puducherry,0,5
825,04/10/2020,05:00:00 PM,Punjab,11,132
826,04/10/2020,05:00:00 PM,Rajasthan,3,463
827,04/10/2020,05:00:00 PM,Tamil Nadu,8,834
828,04/10/2020,05:00:00 PM,Telengana,7,473
829,04/10/2020,05:00:00 PM,Tripura,0,1
830,04/10/2020,05:00:00 PM,Uttarakhand,0,35
831,04/10/2020,05:00:00 PM,Uttar Pradesh,4,431
832,04/10/2020,05:00:00 PM,West Bengal,5,116
833,04/11/2020,05:00:00 PM,Andhra Pradesh,6,381
834,04/11/2020,05:00:00 PM,Andaman and Nicobar Islands,0,11
835,04/11/2020,05:00:00 PM,Arunachal Pradesh,0,1
836,04/11/2020,05:00:00 PM,Assam,1,29
837,04/11/2020,05:00:00 PM,Bihar,1,60
838,04/11/2020,05:00:00 PM,Chandigarh,0,18
839,04/11/2020,05:00:00 PM,Chhattisgarh,0,18
840,04/11/2020,05:00:00 PM,Delhi,14,903
841,04/11/2020,05:00:00 PM,Goa,0,7
842,04/11/2020,05:00:00 PM,Gujarat,19,308
843,04/11/2020,05:00:00 PM,Haryana,3,177
844,04/11/2020,05:00:00 PM,Himachal Pradesh,1,28
845,04/11/2020,05:00:00 PM,Jammu and Kashmir,4,207
846,04/11/2020,05:00:00 PM,Jharkhand,1,17
847,04/11/2020,05:00:00 PM,Karnataka,6,214
848,04/11/2020,05:00:00 PM,Kerala,2,364
849,04/11/2020,05:00:00 PM,Ladakh,0,15
850,04/11/2020,05:00:00 PM,Madhya Pradesh,33,443
851,04/11/2020,05:00:00 PM,Maharashtra,110,1574
852,04/11/2020,05:00:00 PM,Manipur,0,2
853,04/11/2020,05:00:00 PM,Mizoram,0,1
854,04/11/2020,05:00:00 PM,Odisha,1,48
855,04/11/2020,05:00:00 PM,Puducherry,0,7
856,04/11/2020,05:00:00 PM,Punjab,11,132
857,04/11/2020,05:00:00 PM,Rajasthan,3,553
858,04/11/2020,05:00:00 PM,Tamil Nadu,8,911
859,04/11/2020,05:00:00 PM,Telengana,9,504
860,04/11/2020,05:00:00 PM,Tripura,0,2
861,04/11/2020,05:00:00 PM,Uttarakhand,0,35
862,04/11/2020,05:00:00 PM,Uttar Pradesh,4,433
863,04/11/2020,05:00:00 PM,West Bengal,5,126
864,04/12/2020,05:00:00 PM,Andhra Pradesh,6,381
865,04/12/2020,05:00:00 PM,Andaman and Nicobar Islands,0,11
866,04/12/2020,05:00:00 PM,Arunachal Pradesh,0,1
867,04/12/2020,05:00:00 PM,Assam,1,29
868,04/12/2020,05:00:00 PM,Bihar,1,64
869,04/12/2020,05:00:00 PM,Chandigarh,0,19
870,04/12/2020,05:00:00 PM,Chhattisgarh,0,25
871,04/12/2020,05:00:00 PM,Delhi,19,1069
872,04/12/2020,05:00:00 PM,Goa,0,7
873,04/12/2020,05:00:00 PM,Gujarat,22,432
874,04/12/2020,05:00:00 PM,Haryana,3,185
875,04/12/2020,05:00:00 PM,Himachal Pradesh,1,32
876,04/12/2020,05:00:00 PM,Jammu and Kashmir,4,224
877,04/12/2020,05:00:00 PM,Jharkhand,1,17
878,04/12/2020,05:00:00 PM,Karnataka,6,226
879,04/12/2020,05:00:00 PM,Kerala,2,374
880,04/12/2020,05:00:00 PM,Ladakh,0,15
881,04/12/2020,05:00:00 PM,Madhya Pradesh,36,564
882,04/12/2020,05:00:00 PM,Maharashtra,127,1761
883,04/12/2020,05:00:00 PM,Manipur,0,2
884,04/12/2020,05:00:00 PM,Mizoram,0,1
885,04/12/2020,05:00:00 PM,Odisha,1,54
886,04/12/2020,05:00:00 PM,Puducherry,0,7
887,04/12/2020,05:00:00 PM,Punjab,11,151
888,04/12/2020,05:00:00 PM,Rajasthan,3,700
889,04/12/2020,05:00:00 PM,Tamil Nadu,10,969
890,04/12/2020,05:00:00 PM,Telengana,9,504
891,04/12/2020,05:00:00 PM,Tripura,0,2
892,04/12/2020,05:00:00 PM,Uttarakhand,0,35
893,04/12/2020,05:00:00 PM,Uttar Pradesh,5,452
894,04/12/2020,05:00:00 PM,West Bengal,5,134
895,04/13/2020,05:00:00 PM,Andhra Pradesh,7,432
896,04/13/2020,05:00:00 PM,Andaman and Nicobar Islands,0,11
897,04/13/2020,05:00:00 PM,Arunachal Pradesh,0,1
898,04/13/2020,05:00:00 PM,Assam,1,31
899,04/13/2020,05:00:00 PM,Bihar,1,64
900,04/13/2020,05:00:00 PM,Chandigarh,0,21
901,04/13/2020,05:00:00 PM,Chhattisgarh,0,31
902,04/13/2020,05:00:00 PM,Delhi,24,1154
903,04/13/2020,05:00:00 PM,Goa,0,7
904,04/13/2020,05:00:00 PM,Gujarat,26,539
905,04/13/2020,05:00:00 PM,Haryana,3,185
906,04/13/2020,05:00:00 PM,Himachal Pradesh,1,32
907,04/13/2020,05:00:00 PM,Jammu and Kashmir,4,245
908,04/13/2020,05:00:00 PM,Jharkhand,2,19
909,04/13/2020,05:00:00 PM,Karnataka,6,247
910,04/13/2020,05:00:00 PM,Kerala,3,376
911,04/13/2020,05:00:00 PM,Ladakh,0,15
912,04/13/2020,05:00:00 PM,Madhya Pradesh,43,604
913,04/13/2020,05:00:00 PM,Maharashtra,149,1985
914,04/13/2020,05:00:00 PM,Manipur,0,2
915,04/13/2020,05:00:00 PM,Mizoram,0,1
916,04/13/2020,05:00:00 PM,Nagaland,0,1
917,04/13/2020,05:00:00 PM,Odisha,1,54
918,04/13/2020,05:00:00 PM,Puducherry,0,7
919,04/13/2020,05:00:00 PM,Punjab,11,167
920,04/13/2020,05:00:00 PM,Rajasthan,3,812
921,04/13/2020,05:00:00 PM,Tamil Nadu,11,1075
922,04/13/2020,05:00:00 PM,Telengana,16,562
923,04/13/2020,05:00:00 PM,Tripura,0,2
924,04/13/2020,05:00:00 PM,Uttarakhand,0,35
925,04/13/2020,05:00:00 PM,Uttar Pradesh,5,483
926,04/13/2020,05:00:00 PM,West Bengal,7,152
927,04/14/2020,05:00:00 PM,Andhra Pradesh,9,473
928,04/14/2020,05:00:00 PM,Andaman and Nicobar Islands,0,11
929,04/14/2020,05:00:00 PM,Arunachal Pradesh,0,1
930,04/14/2020,05:00:00 PM,Assam,1,31
931,04/14/2020,05:00:00 PM,Bihar,1,66
932,04/14/2020,05:00:00 PM,Chandigarh,0,21
933,04/14/2020,05:00:00 PM,Chhattisgarh,0,31
934,04/14/2020,05:00:00 PM,Delhi,28,1510
935,04/14/2020,05:00:00 PM,Goa,0,7
936,04/14/2020,05:00:00 PM,Gujarat,26,617
937,04/14/2020,05:00:00 PM,Haryana,3,199
938,04/14/2020,05:00:00 PM,Himachal Pradesh,1,32
939,04/14/2020,05:00:00 PM,Jammu and Kashmir,4,270
940,04/14/2020,05:00:00 PM,Jharkhand,2,24
941,04/14/2020,05:00:00 PM,Karnataka,9,258
942,04/14/2020,05:00:00 PM,Kerala,3,379
943,04/14/2020,05:00:00 PM,Ladakh,0,15
944,04/14/2020,05:00:00 PM,Madhya Pradesh,50,730
945,04/14/2020,05:00:00 PM,Maharashtra,160,2337
946,04/14/2020,05:00:00 PM,Manipur,0,2
947,04/14/2020,05:00:00 PM,Meghalaya,0,1
948,04/14/2020,05:00:00 PM,Mizoram,0,1
949,04/14/2020,05:00:00 PM,Nagaland,0,1
950,04/14/2020,05:00:00 PM,Odisha,1,55
951,04/14/2020,05:00:00 PM,Puducherry,0,7
952,04/14/2020,05:00:00 PM,Punjab,12,176
953,04/14/2020,05:00:00 PM,Rajasthan,3,879
954,04/14/2020,05:00:00 PM,Tamil Nadu,11,1173
955,04/14/2020,05:00:00 PM,Telengana,17,624
956,04/14/2020,05:00:00 PM,Tripura,0,2
957,04/14/2020,05:00:00 PM,Uttarakhand,0,35
958,04/14/2020,05:00:00 PM,Uttar Pradesh,5,657
959,04/14/2020,05:00:00 PM,West Bengal,7,190
960,04/15/2020,05:00:00 PM,Andaman and Nicobar Islands,0,11
961,04/15/2020,05:00:00 PM,Andhra Pradesh,9,503
962,04/15/2020,05:00:00 PM,Arunachal Pradesh,0,1
963,04/15/2020,05:00:00 PM,Assam,1,33
964,04/15/2020,05:00:00 PM,Bihar,1,70
965,04/15/2020,05:00:00 PM,Chandigarh,0,21
966,04/15/2020,05:00:00 PM,Chhattisgarh,0,33
967,04/15/2020,05:00:00 PM,Delhi,30,1561
968,04/15/2020,05:00:00 PM,Goa,0,7
969,04/15/2020,05:00:00 PM,Gujarat,30,695
970,04/15/2020,05:00:00 PM,Haryana,3,199
971,04/15/2020,05:00:00 PM,Himachal Pradesh,1,33
972,04/15/2020,05:00:00 PM,Jammu and Kashmir,4,278
973,04/15/2020,05:00:00 PM,Jharkhand,2,27
974,04/15/2020,05:00:00 PM,Karnataka,11,277
975,04/15/2020,05:00:00 PM,Kerala,3,387
976,04/15/2020,05:00:00 PM,Ladakh,0,17
977,04/15/2020,05:00:00 PM,Madhya Pradesh,53,987
978,04/15/2020,05:00:00 PM,Maharashtra,178,2687
979,04/15/2020,05:00:00 PM,Manipur,0,2
980,04/15/2020,05:00:00 PM,Meghalaya,1,7
981,04/15/2020,05:00:00 PM,Mizoram,0,1
982,04/15/2020,05:00:00 PM,Nagaland#,0,0
983,04/15/2020,05:00:00 PM,Odisha,1,60
984,04/15/2020,05:00:00 PM,Puducherry,0,7
985,04/15/2020,05:00:00 PM,Punjab,13,186
986,04/15/2020,05:00:00 PM,Rajasthan,3,1005
987,04/15/2020,05:00:00 PM,Tamil Nadu,12,1204
988,04/15/2020,05:00:00 PM,Telengana,18,647
989,04/15/2020,05:00:00 PM,Tripura,0,2
990,04/15/2020,05:00:00 PM,Uttarakhand,0,37
991,04/15/2020,05:00:00 PM,Uttar Pradesh,11,735
992,04/15/2020,05:00:00 PM,West Bengal,7,213
993,04/16/2020,05:00:00 PM,Andaman and Nicobar Islands,0,11
994,04/16/2020,05:00:00 PM,Andhra Pradesh,14,534
995,04/16/2020,05:00:00 PM,Arunachal Pradesh,0,1
996,04/16/2020,05:00:00 PM,Assam,1,33
997,04/16/2020,05:00:00 PM,Bihar,1,74
998,04/16/2020,05:00:00 PM,Chandigarh,0,21
999,04/16/2020,05:00:00 PM,Chhattisgarh,0,33
1000,04/16/2020,05:00:00 PM,Delhi,32,1578
1001,04/16/2020,05:00:00 PM,Goa,0,7
1002,04/16/2020,05:00:00 PM,Gujarat,36,871
1003,04/16/2020,05:00:00 PM,Haryana,3,205
1004,04/16/2020,05:00:00 PM,Himachal Pradesh,1,35
1005,04/16/2020,05:00:00 PM,Jammu and Kashmir,4,300
1006,04/16/2020,05:00:00 PM,Jharkhand,2,28
1007,04/16/2020,05:00:00 PM,Karnataka,13,315
1008,04/16/2020,05:00:00 PM,Kerala,3,388
1009,04/16/2020,05:00:00 PM,Ladakh,0,17
1010,04/16/2020,05:00:00 PM,Madhya Pradesh,53,1120
1011,04/16/2020,05:00:00 PM,Maharashtra,187,2919
1012,04/16/2020,05:00:00 PM,Manipur,0,2
1013,04/16/2020,05:00:00 PM,Meghalaya,1,7
1014,04/16/2020,05:00:00 PM,Mizoram,0,1
1015,04/16/2020,05:00:00 PM,Nagaland#,0,0
1016,04/16/2020,05:00:00 PM,Odisha,1,60
1017,04/16/2020,05:00:00 PM,Puducherry,0,7
1018,04/16/2020,05:00:00 PM,Punjab,13,186
1019,04/16/2020,05:00:00 PM,Rajasthan,3,1023
1020,04/16/2020,05:00:00 PM,Tamil Nadu,14,1242
1021,04/16/2020,05:00:00 PM,Telengana,18,698
1022,04/16/2020,05:00:00 PM,Tripura,0,2
1023,04/16/2020,05:00:00 PM,Uttarakhand,0,37
1024,04/16/2020,05:00:00 PM,Uttar Pradesh,13,773
1025,04/16/2020,05:00:00 PM,West Bengal,7,231
1026,04/17/2020,05:00:00 PM,Andaman and Nicobar Islands,0,11
1027,04/17/2020,05:00:00 PM,Andhra Pradesh,14,572
1028,04/17/2020,05:00:00 PM,Arunachal Pradesh,0,1
1029,04/17/2020,05:00:00 PM,Assam,1,35
1030,04/17/2020,05:00:00 PM,Bihar,1,83
1031,04/17/2020,05:00:00 PM,Chandigarh,0,21
1032,04/17/2020,05:00:00 PM,Chhattisgarh,0,36
1033,04/17/2020,05:00:00 PM,Delhi,38,1640
1034,04/17/2020,05:00:00 PM,Goa,0,7
1035,04/17/2020,05:00:00 PM,Gujarat,38,1021
1036,04/17/2020,05:00:00 PM,Haryana,3,205
1037,04/17/2020,05:00:00 PM,Himachal Pradesh,1,35
1038,04/17/2020,05:00:00 PM,Jammu and Kashmir,4,314
1039,04/17/2020,05:00:00 PM,Jharkhand,2,29
1040,04/17/2020,05:00:00 PM,Karnataka,13,353
1041,04/17/2020,05:00:00 PM,Kerala,3,395
1042,04/17/2020,05:00:00 PM,Ladakh,0,18
1043,04/17/2020,05:00:00 PM,Madhya Pradesh,57,1308
1044,04/17/2020,05:00:00 PM,Maharashtra,194,3205
1045,04/17/2020,05:00:00 PM,Manipur,0,2
1046,04/17/2020,05:00:00 PM,Meghalaya,1,9
1047,04/17/2020,05:00:00 PM,Mizoram,0,1
1048,04/17/2020,05:00:00 PM,Nagaland#,0,0
1049,04/17/2020,05:00:00 PM,Odisha,1,60
1050,04/17/2020,05:00:00 PM,Puducherry,0,7
1051,04/17/2020,05:00:00 PM,Punjab,13,186
1052,04/17/2020,05:00:00 PM,Rajasthan,11,1131
1053,04/17/2020,05:00:00 PM,Tamil Nadu,15,1267
1054,04/17/2020,05:00:00 PM,Telengana,18,743
1055,04/17/2020,05:00:00 PM,Tripura,0,2
1056,04/17/2020,05:00:00 PM,Uttarakhand,0,37
1057,04/17/2020,05:00:00 PM,Uttar Pradesh,14,846
1058,04/17/2020,05:00:00 PM,West Bengal,10,255
1059,04/18/2020,05:00:00 PM,Andaman and Nicobar Islands,0,12
1060,04/18/2020,05:00:00 PM,Andhra Pradesh,15,603
1061,04/18/2020,05:00:00 PM,Arunachal Pradesh,0,1
1062,04/18/2020,05:00:00 PM,Assam,1,35
1063,04/18/2020,05:00:00 PM,Bihar,2,85
1064,04/18/2020,05:00:00 PM,Chandigarh,0,21
1065,04/18/2020,05:00:00 PM,Chhattisgarh,0,36
1066,04/18/2020,05:00:00 PM,Delhi,42,1707
1067,04/18/2020,05:00:00 PM,Goa,0,7
1068,04/18/2020,05:00:00 PM,Gujarat,48,1272
1069,04/18/2020,05:00:00 PM,Haryana,3,225
1070,04/18/2020,05:00:00 PM,Himachal Pradesh,1,38
1071,04/18/2020,05:00:00 PM,Jammu and Kashmir,5,328
1072,04/18/2020,05:00:00 PM,Jharkhand,2,33
1073,04/18/2020,05:00:00 PM,Karnataka,13,371
1074,04/18/2020,05:00:00 PM,Kerala,3,396
1075,04/18/2020,05:00:00 PM,Ladakh,0,18
1076,04/18/2020,05:00:00 PM,Madhya Pradesh,69,1355
1077,04/18/2020,05:00:00 PM,Maharashtra,201,3323
1078,04/18/2020,05:00:00 PM,Manipur,0,2
1079,04/18/2020,05:00:00 PM,Meghalaya,1,11
1080,04/18/2020,05:00:00 PM,Mizoram,0,1
1081,04/18/2020,05:00:00 PM,Nagaland#,0,0
1082,04/18/2020,05:00:00 PM,Odisha,1,60
1083,04/18/2020,05:00:00 PM,Puducherry,0,7
1084,04/18/2020,05:00:00 PM,Punjab,13,202
1085,04/18/2020,05:00:00 PM,Rajasthan,11,1229
1086,04/18/2020,05:00:00 PM,Tamil Nadu,15,1323
1087,04/18/2020,05:00:00 PM,Telengana,18,791
1088,04/18/2020,05:00:00 PM,Tripura,0,2
1089,04/18/2020,05:00:00 PM,Uttarakhand,0,42
1090,04/18/2020,05:00:00 PM,Uttar Pradesh,14,969
1091,04/18/2020,05:00:00 PM,West Bengal,10,287
1092,04/19/2020,05:00:00 PM,Andaman and Nicobar Islands,0,14
1093,04/19/2020,05:00:00 PM,Andhra Pradesh,15,603
1094,04/19/2020,05:00:00 PM,Arunachal Pradesh,0,1
1095,04/19/2020,05:00:00 PM,Assam,1,35
1096,04/19/2020,05:00:00 PM,Bihar,2,86
1097,04/19/2020,05:00:00 PM,Chandigarh,0,23
1098,04/19/2020,05:00:00 PM,Chhattisgarh,0,36
1099,04/19/2020,05:00:00 PM,Delhi,43,1893
1100,04/19/2020,05:00:00 PM,Goa,0,7
1101,04/19/2020,05:00:00 PM,Gujarat,58,1604
1102,04/19/2020,05:00:00 PM,Haryana,3,233
1103,04/19/2020,05:00:00 PM,Himachal Pradesh,1,39
1104,04/19/2020,05:00:00 PM,Jammu and Kashmir,5,341
1105,04/19/2020,05:00:00 PM,Jharkhand,2,35
1106,04/19/2020,05:00:00 PM,Karnataka,14,384
1107,04/19/2020,05:00:00 PM,Kerala,3,400
1108,04/19/2020,05:00:00 PM,Ladakh,0,18
1109,04/19/2020,05:00:00 PM,Madhya Pradesh,70,1407
1110,04/19/2020,05:00:00 PM,Maharashtra,211,3651
1111,04/19/2020,05:00:00 PM,Manipur,0,2
1112,04/19/2020,05:00:00 PM,Meghalaya,1,11
1113,04/19/2020,05:00:00 PM,Mizoram,0,1
1114,04/19/2020,05:00:00 PM,Nagaland#,0,0
1115,04/19/2020,05:00:00 PM,Odisha,1,61
1116,04/19/2020,05:00:00 PM,Puducherry,0,7
1117,04/19/2020,05:00:00 PM,Punjab,16,219
1118,04/19/2020,05:00:00 PM,Rajasthan,11,1351
1119,04/19/2020,05:00:00 PM,Tamil Nadu,15,1372
1120,04/19/2020,05:00:00 PM,Telengana,18,844
1121,04/19/2020,05:00:00 PM,Tripura,0,2
1122,04/19/2020,05:00:00 PM,Uttarakhand,0,42
1123,04/19/2020,05:00:00 PM,Uttar Pradesh,17,1084
1124,04/19/2020,05:00:00 PM,West Bengal,12,310
1125,04/20/2020,05:00:00 PM,Andaman and Nicobar Islands,0,15
1126,04/20/2020,05:00:00 PM,Andhra Pradesh,20,722
1127,04/20/2020,05:00:00 PM,Arunachal Pradesh,0,1
1128,04/20/2020,05:00:00 PM,Assam,1,35
1129,04/20/2020,05:00:00 PM,Bihar,2,96
1130,04/20/2020,05:00:00 PM,Chandigarh,0,26
1131,04/20/2020,05:00:00 PM,Chhattisgarh,0,36
1132,04/20/2020,05:00:00 PM,Delhi,45,2003
1133,04/20/2020,05:00:00 PM,Goa,0,7
1134,04/20/2020,05:00:00 PM,Gujarat,67,1851
1135,04/20/2020,05:00:00 PM,Haryana,3,233
1136,04/20/2020,05:00:00 PM,Himachal Pradesh,1,39
1137,04/20/2020,05:00:00 PM,Jammu and Kashmir,5,350
1138,04/20/2020,05:00:00 PM,Jharkhand,2,42
1139,04/20/2020,05:00:00 PM,Karnataka,16,395
1140,04/20/2020,05:00:00 PM,Kerala,3,402
1141,04/20/2020,05:00:00 PM,Ladakh,0,18
1142,04/20/2020,05:00:00 PM,Madhya Pradesh,74,1485
1143,04/20/2020,05:00:00 PM,Maharashtra,223,4203
1144,04/20/2020,05:00:00 PM,Manipur,0,2
1145,04/20/2020,05:00:00 PM,Meghalaya,1,11
1146,04/20/2020,05:00:00 PM,Mizoram,0,1
1147,04/20/2020,05:00:00 PM,Nagaland,0,0
1148,04/20/2020,05:00:00 PM,Odisha,1,68
1149,04/20/2020,05:00:00 PM,Puducherry,0,7
1150,04/20/2020,05:00:00 PM,Punjab,16,219
1151,04/20/2020,05:00:00 PM,Rajasthan,14,1478
1152,04/20/2020,05:00:00 PM,Tamil Nadu,15,1477
1153,04/20/2020,05:00:00 PM,Telengana,21,873
1154,04/20/2020,05:00:00 PM,Tripura,0,2
1155,04/20/2020,05:00:00 PM,Uttarakhand,0,44
1156,04/20/2020,05:00:00 PM,Uttar Pradesh,17,1176
1157,04/20/2020,05:00:00 PM,West Bengal,12,339
1158,04/21/2020,05:00:00 PM,Andaman and Nicobar Islands,0,16
1159,04/21/2020,05:00:00 PM,Andhra Pradesh,22,757
1160,04/21/2020,05:00:00 PM,Arunachal Pradesh,0,1
1161,04/21/2020,05:00:00 PM,Assam,1,35
1162,04/21/2020,05:00:00 PM,Bihar,2,114
1163,04/21/2020,05:00:00 PM,Chandigarh,0,26
1164,04/21/2020,05:00:00 PM,Chhattisgarh,0,36
1165,04/21/2020,05:00:00 PM,Delhi,47,2081
1166,04/21/2020,05:00:00 PM,Goa,0,7
1167,04/21/2020,05:00:00 PM,Gujarat,77,2066
1168,04/21/2020,05:00:00 PM,Haryana,3,254
1169,04/21/2020,05:00:00 PM,Himachal Pradesh,1,39
1170,04/21/2020,05:00:00 PM,Jammu and Kashmir,5,368
1171,04/21/2020,05:00:00 PM,Jharkhand,2,46
1172,04/21/2020,05:00:00 PM,Karnataka,17,415
1173,04/21/2020,05:00:00 PM,Kerala,3,408
1174,04/21/2020,05:00:00 PM,Ladakh,0,18
1175,04/21/2020,05:00:00 PM,Madhya Pradesh,76,1540
1176,04/21/2020,05:00:00 PM,Maharashtra,232,4669
1177,04/21/2020,05:00:00 PM,Manipur,0,2
1178,04/21/2020,05:00:00 PM,Meghalaya,1,11
1179,04/21/2020,05:00:00 PM,Mizoram,0,1
1180,04/21/2020,05:00:00 PM,Nagaland,0,0
1181,04/21/2020,05:00:00 PM,Odisha,1,74
1182,04/21/2020,05:00:00 PM,Puducherry,0,7
1183,04/21/2020,05:00:00 PM,Punjab,16,245
1184,04/21/2020,05:00:00 PM,Rajasthan,25,1576
1185,04/21/2020,05:00:00 PM,Tamil Nadu,17,1520
1186,04/21/2020,05:00:00 PM,Telengana,23,919
1187,04/21/2020,05:00:00 PM,Tripura,0,2
1188,04/21/2020,05:00:00 PM,Uttarakhand,0,46
1189,04/21/2020,05:00:00 PM,Uttar Pradesh,20,1294
1190,04/21/2020,05:00:00 PM,West Bengal,12,392
1191,04/22/2020,05:00:00 PM,Andaman and Nicobar Islands,0,17
1192,04/22/2020,05:00:00 PM,Andhra Pradesh,24,813
1193,04/22/2020,05:00:00 PM,Arunachal Pradesh,0,1
1194,04/22/2020,05:00:00 PM,Assam,1,35
1195,04/22/2020,05:00:00 PM,Bihar,2,126
1196,04/22/2020,05:00:00 PM,Chandigarh,0,27
1197,04/22/2020,05:00:00 PM,Chhattisgarh,0,36
1198,04/22/2020,05:00:00 PM,Delhi,47,2156
1199,04/22/2020,05:00:00 PM,Goa,0,7
1200,04/22/2020,05:00:00 PM,Gujarat,95,2272
1201,04/22/2020,05:00:00 PM,Haryana,3,254
1202,04/22/2020,05:00:00 PM,Himachal Pradesh,1,39
1203,04/22/2020,05:00:00 PM,Jammu and Kashmir,5,380
1204,04/22/2020,05:00:00 PM,Jharkhand#,3,45
1205,04/22/2020,05:00:00 PM,Karnataka,17,425
1206,04/22/2020,05:00:00 PM,Kerala,3,427
1207,04/22/2020,05:00:00 PM,Ladakh,0,18
1208,04/22/2020,05:00:00 PM,Madhya Pradesh,80,1592
1209,04/22/2020,05:00:00 PM,Maharashtra,251,5221
1210,04/22/2020,05:00:00 PM,Manipur,0,2
1211,04/22/2020,05:00:00 PM,Meghalaya,1,12
1212,04/22/2020,05:00:00 PM,Mizoram,0,1
1213,04/22/2020,05:00:00 PM,Odisha,1,82
1214,04/22/2020,05:00:00 PM,Puducherry,0,7
1215,04/22/2020,05:00:00 PM,Punjab,16,251
1216,04/22/2020,05:00:00 PM,Rajasthan,25,1801
1217,04/22/2020,05:00:00 PM,Tamil Nadu,18,1596
1218,04/22/2020,05:00:00 PM,Telengana,23,945
1219,04/22/2020,05:00:00 PM,Tripura,0,2
1220,04/22/2020,05:00:00 PM,Uttarakhand,0,46
1221,04/22/2020,05:00:00 PM,Uttar Pradesh,21,1412
1222,04/22/2020,05:00:00 PM,West Bengal,15,423
1223,04/23/2020,05:00:00 PM,Andaman and Nicobar Islands,0,18
1224,04/23/2020,05:00:00 PM,Andhra Pradesh,27,895
1225,04/23/2020,05:00:00 PM,Arunachal Pradesh,0,1
1226,04/23/2020,05:00:00 PM,Assam,1,35
1227,04/23/2020,05:00:00 PM,Bihar,2,148
1228,04/23/2020,05:00:00 PM,Chandigarh,0,27
1229,04/23/2020,05:00:00 PM,Chhattisgarh,0,36
1230,04/23/2020,05:00:00 PM,Delhi,48,2248
1231,04/23/2020,05:00:00 PM,Goa,0,7
1232,04/23/2020,05:00:00 PM,Gujarat,103,2407
1233,04/23/2020,05:00:00 PM,Haryana,3,262
1234,04/23/2020,05:00:00 PM,Himachal Pradesh,1,40
1235,04/23/2020,05:00:00 PM,Jammu and Kashmir,5,407
1236,04/23/2020,05:00:00 PM,Jharkhand,3,49
1237,04/23/2020,05:00:00 PM,Karnataka,17,443
1238,04/23/2020,05:00:00 PM,Kerala,3,438
1239,04/23/2020,05:00:00 PM,Ladakh,0,18
1240,04/23/2020,05:00:00 PM,Madhya Pradesh,81,1695
1241,04/23/2020,05:00:00 PM,Maharashtra,269,5652
1242,04/23/2020,05:00:00 PM,Manipur,0,2
1243,04/23/2020,05:00:00 PM,Meghalaya,1,12
1244,04/23/2020,05:00:00 PM,Mizoram,0,1
1245,04/23/2020,05:00:00 PM,Odisha,1,83
1246,04/23/2020,05:00:00 PM,Puducherry,0,7
1247,04/23/2020,05:00:00 PM,Punjab,16,277
1248,04/23/2020,05:00:00 PM,Rajasthan,27,1890
1249,04/23/2020,05:00:00 PM,Tamil Nadu,18,1629
1250,04/23/2020,05:00:00 PM,Telengana,24,960
1251,04/23/2020,05:00:00 PM,Tripura,0,2
1252,04/23/2020,05:00:00 PM,Uttarakhand,0,46
1253,04/23/2020,05:00:00 PM,Uttar Pradesh,21,1509
1254,04/23/2020,05:00:00 PM,West Bengal,15,456
1255,04/24/2020,05:00:00 PM,Andaman and Nicobar Islands,0,22
1256,04/24/2020,05:00:00 PM,Andhra Pradesh,29,955
1257,04/24/2020,05:00:00 PM,Arunachal Pradesh,0,1
1258,04/24/2020,05:00:00 PM,Assam,1,36
1259,04/24/2020,05:00:00 PM,Bihar,2,176
1260,04/24/2020,05:00:00 PM,Chandigarh,0,27
1261,04/24/2020,05:00:00 PM,Chhattisgarh,0,36
1262,04/24/2020,05:00:00 PM,Delhi,50,2376
1263,04/24/2020,05:00:00 PM,Goa,0,7
1264,04/24/2020,05:00:00 PM,Gujarat,112,2624
1265,04/24/2020,05:00:00 PM,Haryana,3,272
1266,04/24/2020,05:00:00 PM,Himachal Pradesh,1,40
1267,04/24/2020,05:00:00 PM,Jammu and Kashmir,5,427
1268,04/24/2020,05:00:00 PM,Jharkhand,3,55
1269,04/24/2020,05:00:00 PM,Karnataka,18,463
1270,04/24/2020,05:00:00 PM,Kerala,3,448
1271,04/24/2020,05:00:00 PM,Ladakh,0,18
1272,04/24/2020,05:00:00 PM,Madhya Pradesh,83,1852
1273,04/24/2020,05:00:00 PM,Maharashtra,283,6430
1274,04/24/2020,05:00:00 PM,Manipur,0,2
1275,04/24/2020,05:00:00 PM,Meghalaya,1,12
1276,04/24/2020,05:00:00 PM,Mizoram,0,1
1277,04/24/2020,05:00:00 PM,Odisha,1,90
1278,04/24/2020,05:00:00 PM,Puducherry,0,7
1279,04/24/2020,05:00:00 PM,Punjab,16,277
1280,04/24/2020,05:00:00 PM,Rajasthan,27,1964
1281,04/24/2020,05:00:00 PM,Tamil Nadu,20,1683
1282,04/24/2020,05:00:00 PM,Telengana,26,984
1283,04/24/2020,05:00:00 PM,Tripura,0,2
1284,04/24/2020,05:00:00 PM,Uttarakhand,0,47
1285,04/24/2020,05:00:00 PM,Uttar Pradesh,24,1604
1286,04/24/2020,05:00:00 PM,West Bengal,15,514
1287,04/25/2020,05:00:00 PM,Andaman and Nicobar Islands,0,27
1288,04/25/2020,05:00:00 PM,Andhra Pradesh,31,1061
1289,04/25/2020,05:00:00 PM,Arunachal Pradesh,0,1
1290,04/25/2020,05:00:00 PM,Assam,1,36
1291,04/25/2020,05:00:00 PM,Bihar,2,228
1292,04/25/2020,05:00:00 PM,Chandigarh,0,28
1293,04/25/2020,05:00:00 PM,Chhattisgarh,0,36
1294,04/25/2020,05:00:00 PM,Delhi,53,2514
1295,04/25/2020,05:00:00 PM,Goa,0,7
1296,04/25/2020,05:00:00 PM,Gujarat,127,2815
1297,04/25/2020,05:00:00 PM,Haryana,3,272
1298,04/25/2020,05:00:00 PM,Himachal Pradesh,1,40
1299,04/25/2020,05:00:00 PM,Jammu and Kashmir,5,454
1300,04/25/2020,05:00:00 PM,Jharkhand,3,59
1301,04/25/2020,05:00:00 PM,Karnataka,18,489
1302,04/25/2020,05:00:00 PM,Kerala,4,451
1303,04/25/2020,05:00:00 PM,Ladakh,0,20
1304,04/25/2020,05:00:00 PM,Madhya Pradesh,92,1952
1305,04/25/2020,05:00:00 PM,Maharashtra,301,6817
1306,04/25/2020,05:00:00 PM,Manipur,0,2
1307,04/25/2020,05:00:00 PM,Meghalaya,1,12
1308,04/25/2020,05:00:00 PM,Mizoram,0,1
1309,04/25/2020,05:00:00 PM,Odisha,1,94
1310,04/25/2020,05:00:00 PM,Puducherry,0,7
1311,04/25/2020,05:00:00 PM,Punjab,17,298
1312,04/25/2020,05:00:00 PM,Rajasthan,27,2034
1313,04/25/2020,05:00:00 PM,Tamil Nadu,22,1755
1314,04/25/2020,05:00:00 PM,Telengana,26,984
1315,04/25/2020,05:00:00 PM,Tripura,0,2
1316,04/25/2020,05:00:00 PM,Uttarakhand,0,48
1317,04/25/2020,05:00:00 PM,Uttar Pradesh,26,1778
1318,04/25/2020,05:00:00 PM,West Bengal,18,571
1319,04/26/2020,05:00:00 PM,Andaman and Nicobar Islands,0,33
1320,04/26/2020,05:00:00 PM,Andhra Pradesh,31,1097
1321,04/26/2020,05:00:00 PM,Arunachal Pradesh,0,1
1322,04/26/2020,05:00:00 PM,Assam,1,36
1323,04/26/2020,05:00:00 PM,Bihar,2,251
1324,04/26/2020,05:00:00 PM,Chandigarh,0,30
1325,04/26/2020,05:00:00 PM,Chhattisgarh,0,37
1326,04/26/2020,05:00:00 PM,Delhi,54,2625
1327,04/26/2020,05:00:00 PM,Goa,0,7
1328,04/26/2020,05:00:00 PM,Gujarat,133,3071
1329,04/26/2020,05:00:00 PM,Haryana,3,289
1330,04/26/2020,05:00:00 PM,Himachal Pradesh,1,40
1331,04/26/2020,05:00:00 PM,Jammu and Kashmir,6,494
1332,04/26/2020,05:00:00 PM,Jharkhand,3,67
1333,04/26/2020,05:00:00 PM,Karnataka,18,501
1334,04/26/2020,05:00:00 PM,Kerala,4,458
1335,04/26/2020,05:00:00 PM,Ladakh,0,20
1336,04/26/2020,05:00:00 PM,Madhya Pradesh,99,2096
1337,04/26/2020,05:00:00 PM,Maharashtra,323,7628
1338,04/26/2020,05:00:00 PM,Manipur,0,2
1339,04/26/2020,05:00:00 PM,Meghalaya,1,12
1340,04/26/2020,05:00:00 PM,Mizoram,0,1
1341,04/26/2020,05:00:00 PM,Odisha,1,103
1342,04/26/2020,05:00:00 PM,Puducherry,0,7
1343,04/26/2020,05:00:00 PM,Punjab,17,298
1344,04/26/2020,05:00:00 PM,Rajasthan,33,2083
1345,04/26/2020,05:00:00 PM,Tamil Nadu,23,1821
1346,04/26/2020,05:00:00 PM,Telengana,26,991
1347,04/26/2020,05:00:00 PM,Tripura,0,2
1348,04/26/2020,05:00:00 PM,Uttarakhand,0,50
1349,04/26/2020,05:00:00 PM,Uttar Pradesh,29,1843
1350,04/26/2020,05:00:00 PM,West Bengal,18,611
1351,04/27/2020,05:00:00 PM,Andaman and Nicobar Islands,0,33
1352,04/27/2020,05:00:00 PM,Andhra Pradesh,31,1177
1353,04/27/2020,05:00:00 PM,Arunachal Pradesh,0,1
1354,04/27/2020,05:00:00 PM,Assam,1,36
1355,04/27/2020,05:00:00 PM,Bihar,2,277
1356,04/27/2020,05:00:00 PM,Chandigarh,0,30
1357,04/27/2020,05:00:00 PM,Chhattisgarh,0,37
1358,04/27/2020,05:00:00 PM,Delhi,54,2918
1359,04/27/2020,05:00:00 PM,Goa,0,7
1360,04/27/2020,05:00:00 PM,Gujarat,151,3301
1361,04/27/2020,05:00:00 PM,Haryana,3,289
1362,04/27/2020,05:00:00 PM,Himachal Pradesh,1,40
1363,04/27/2020,05:00:00 PM,Jammu and Kashmir,6,523
1364,04/27/2020,05:00:00 PM,Jharkhand,3,82
1365,04/27/2020,05:00:00 PM,Karnataka,20,511
1366,04/27/2020,05:00:00 PM,Kerala,4,469
1367,04/27/2020,05:00:00 PM,Ladakh,0,20
1368,04/27/2020,05:00:00 PM,Madhya Pradesh,106,2168
1369,04/27/2020,05:00:00 PM,Maharashtra,342,8068
1370,04/27/2020,05:00:00 PM,Manipur,0,2
1371,04/27/2020,05:00:00 PM,Meghalaya,1,12
1372,04/27/2020,05:00:00 PM,Mizoram,0,1
1373,04/27/2020,05:00:00 PM,Odisha,1,108
1374,04/27/2020,05:00:00 PM,Puducherry,0,8
1375,04/27/2020,05:00:00 PM,Punjab,18,313
1376,04/27/2020,05:00:00 PM,Rajasthan,41,2185
1377,04/27/2020,05:00:00 PM,Tamil Nadu,24,1885
1378,04/27/2020,05:00:00 PM,Telengana,26,1002
1379,04/27/2020,05:00:00 PM,Tripura,0,2
1380,04/27/2020,05:00:00 PM,Uttarakhand,0,51
1381,04/27/2020,05:00:00 PM,Uttar Pradesh,31,1955
1382,04/27/2020,05:00:00 PM,West Bengal,20,649
1383,04/28/2020,05:00:00 PM,Andaman and Nicobar Islands,0,33
1384,04/28/2020,05:00:00 PM,Andhra Pradesh,31,1259
1385,04/28/2020,05:00:00 PM,Arunachal Pradesh,0,1
1386,04/28/2020,05:00:00 PM,Assam,1,38
1387,04/28/2020,05:00:00 PM,Bihar,2,346
1388,04/28/2020,05:00:00 PM,Chandigarh,0,40
1389,04/28/2020,05:00:00 PM,Chhattisgarh,0,37
1390,04/28/2020,05:00:00 PM,Delhi,54,3108
1391,04/28/2020,05:00:00 PM,Goa,0,7
1392,04/28/2020,05:00:00 PM,Gujarat,162,3548
1393,04/28/2020,05:00:00 PM,Haryana,3,296
1394,04/28/2020,05:00:00 PM,Himachal Pradesh,1,40
1395,04/28/2020,05:00:00 PM,Jammu and Kashmir,7,546
1396,04/28/2020,05:00:00 PM,Jharkhand,3,103
1397,04/28/2020,05:00:00 PM,Karnataka,20,520
1398,04/28/2020,05:00:00 PM,Kerala,4,482
1399,04/28/2020,05:00:00 PM,Ladakh,0,22
1400,04/28/2020,05:00:00 PM,Madhya Pradesh,113,2368
1401,04/28/2020,05:00:00 PM,Maharashtra,369,8590
1402,04/28/2020,05:00:00 PM,Manipur,0,2
1403,04/28/2020,05:00:00 PM,Meghalaya,1,12
1404,04/28/2020,05:00:00 PM,Mizoram,0,1
1405,04/28/2020,05:00:00 PM,Odisha,1,118
1406,04/28/2020,05:00:00 PM,Puducherry,0,8
1407,04/28/2020,05:00:00 PM,Punjab,18,313
1408,04/28/2020,05:00:00 PM,Rajasthan,46,2262
1409,04/28/2020,05:00:00 PM,Tamil Nadu,24,1937
1410,04/28/2020,05:00:00 PM,Telengana,26,1004
1411,04/28/2020,05:00:00 PM,Tripura,0,2
1412,04/28/2020,05:00:00 PM,Uttarakhand,0,51
1413,04/28/2020,05:00:00 PM,Uttar Pradesh,31,2043
1414,04/28/2020,05:00:00 PM,West Bengal,20,697
1415,04/29/2020,05:00:00 PM,Andaman and Nicobar Islands,0,33
1416,04/29/2020,05:00:00 PM,Andhra Pradesh,31,1332
1417,04/29/2020,05:00:00 PM,Arunachal Pradesh,0,1
1418,04/29/2020,05:00:00 PM,Assam,1,38
1419,04/29/2020,05:00:00 PM,Bihar,2,383
1420,04/29/2020,05:00:00 PM,Chandigarh,0,56
1421,04/29/2020,05:00:00 PM,Chhattisgarh,0,38
1422,04/29/2020,05:00:00 PM,Delhi,54,3314
1423,04/29/2020,05:00:00 PM,Goa,0,7
1424,04/29/2020,05:00:00 PM,Gujarat,181,3774
1425,04/29/2020,05:00:00 PM,Haryana,3,310
1426,04/29/2020,05:00:00 PM,Himachal Pradesh,1,40
1427,04/29/2020,05:00:00 PM,Jammu and Kashmir,8,565
1428,04/29/2020,05:00:00 PM,Jharkhand,3,105
1429,04/29/2020,05:00:00 PM,Karnataka,20,532
1430,04/29/2020,05:00:00 PM,Kerala,4,486
1431,04/29/2020,05:00:00 PM,Ladakh,0,22
1432,04/29/2020,05:00:00 PM,Madhya Pradesh,119,2561
1433,04/29/2020,05:00:00 PM,Maharashtra,400,9318
1434,04/29/2020,05:00:00 PM,Manipur,0,2
1435,04/29/2020,05:00:00 PM,Meghalaya,1,12
1436,04/29/2020,05:00:00 PM,Mizoram,0,1
1437,04/29/2020,05:00:00 PM,Odisha,1,119
1438,04/29/2020,05:00:00 PM,Puducherry,0,8
1439,04/29/2020,05:00:00 PM,Punjab,19,322
1440,04/29/2020,05:00:00 PM,Rajasthan,51,2364
1441,04/29/2020,05:00:00 PM,Tamil Nadu,25,2058
1442,04/29/2020,05:00:00 PM,Telengana,26,1012
1443,04/29/2020,05:00:00 PM,Tripura,0,2
1444,04/29/2020,05:00:00 PM,Uttarakhand,0,54
1445,04/29/2020,05:00:00 PM,Uttar Pradesh,36,2115
1446,04/29/2020,05:00:00 PM,West Bengal,22,725
1447,04/30/2020,05:00:00 PM,Andaman and Nicobar Islands,0,33
1448,04/30/2020,05:00:00 PM,Andhra Pradesh,31,1403
1449,04/30/2020,05:00:00 PM,Arunachal Pradesh,0,1
1450,04/30/2020,05:00:00 PM,Assam,1,42
1451,04/30/2020,05:00:00 PM,Bihar,2,403
1452,04/30/2020,05:00:00 PM,Chandigarh,0,56
1453,04/30/2020,05:00:00 PM,Chhattisgarh,0,38
1454,04/30/2020,05:00:00 PM,Delhi,56,3439
1455,04/30/2020,05:00:00 PM,Goa,0,7
1456,04/30/2020,05:00:00 PM,Gujarat,197,4082
1457,04/30/2020,05:00:00 PM,Haryana,3,310
1458,04/30/2020,05:00:00 PM,Himachal Pradesh,1,40
1459,04/30/2020,05:00:00 PM,Jammu and Kashmir,8,581
1460,04/30/2020,05:00:00 PM,Jharkhand,3,107
1461,04/30/2020,05:00:00 PM,Karnataka,21,557
1462,04/30/2020,05:00:00 PM,Kerala,4,496
1463,04/30/2020,05:00:00 PM,Ladakh,0,22
1464,04/30/2020,05:00:00 PM,Madhya Pradesh,130,2660
1465,04/30/2020,05:00:00 PM,Maharashtra,432,9915
1466,04/30/2020,05:00:00 PM,Manipur,0,2
1467,04/30/2020,05:00:00 PM,Meghalaya,1,12
1468,04/30/2020,05:00:00 PM,Mizoram,0,1
1469,04/30/2020,05:00:00 PM,Odisha,1,128
1470,04/30/2020,05:00:00 PM,Puducherry,0,8
1471,04/30/2020,05:00:00 PM,Punjab,19,357
1472,04/30/2020,05:00:00 PM,Rajasthan,51,2438
1473,04/30/2020,05:00:00 PM,Tamil Nadu,27,2162
1474,04/30/2020,05:00:00 PM,Telengana,26,1012
1475,04/30/2020,05:00:00 PM,Tripura,0,2
1476,04/30/2020,05:00:00 PM,Uttarakhand,0,55
1477,04/30/2020,05:00:00 PM,Uttar Pradesh,39,2203
1478,04/30/2020,05:00:00 PM,West Bengal,22,758
1479,05/01/2020,05:00:00 PM,Andaman and Nicobar Islands,0,33
1480,05/01/2020,05:00:00 PM,Andhra Pradesh,33,1463
1481,05/01/2020,05:00:00 PM,Arunachal Pradesh,0,1
1482,05/01/2020,05:00:00 PM,Assam,1,42
1483,05/01/2020,05:00:00 PM,Bihar,2,426
1484,05/01/2020,05:00:00 PM,Chandigarh,0,56
1485,05/01/2020,05:00:00 PM,Chhattisgarh,0,40
1486,05/01/2020,05:00:00 PM,Delhi,59,3515
1487,05/01/2020,05:00:00 PM,Goa,0,7
1488,05/01/2020,05:00:00 PM,Gujarat,214,4395
1489,05/01/2020,05:00:00 PM,Haryana,3,313
1490,05/01/2020,05:00:00 PM,Himachal Pradesh,1,40
1491,05/01/2020,05:00:00 PM,Jammu and Kashmir,8,614
1492,05/01/2020,05:00:00 PM,Jharkhand,3,111
1493,05/01/2020,05:00:00 PM,Karnataka,22,576
1494,05/01/2020,05:00:00 PM,Kerala,4,497
1495,05/01/2020,05:00:00 PM,Ladakh,0,22
1496,05/01/2020,05:00:00 PM,Madhya Pradesh,137,2719
1497,05/01/2020,05:00:00 PM,Maharashtra,459,10498
1498,05/01/2020,05:00:00 PM,Manipur,0,2
1499,05/01/2020,05:00:00 PM,Meghalaya,1,12
1500,05/01/2020,05:00:00 PM,Mizoram,0,1
1501,05/01/2020,05:00:00 PM,Odisha,1,143
1502,05/01/2020,05:00:00 PM,Puducherry,0,8
1503,05/01/2020,05:00:00 PM,Punjab,19,357
1504,05/01/2020,05:00:00 PM,Rajasthan,58,2584
1505,05/01/2020,05:00:00 PM,Tamil Nadu,27,2323
1506,05/01/2020,05:00:00 PM,Telengana,26,1039
1507,05/01/2020,05:00:00 PM,Tripura,0,2
1508,05/01/2020,05:00:00 PM,Uttarakhand,0,57
1509,05/01/2020,05:00:00 PM,Uttar Pradesh,41,2281
1510,05/01/2020,05:00:00 PM,West Bengal,33,795
1511,05/02/2020,05:00:00 PM,Andaman and Nicobar Islands,0,33
1512,05/02/2020,05:00:00 PM,Andhra Pradesh,33,1463
1513,05/02/2020,05:00:00 PM,Arunachal Pradesh,0,1
1514,05/02/2020,05:00:00 PM,Assam,1,43
1515,05/02/2020,05:00:00 PM,Bihar,3,471
1516,05/02/2020,05:00:00 PM,Chandigarh,0,88
1517,05/02/2020,05:00:00 PM,Chhattisgarh,0,43
1518,05/02/2020,05:00:00 PM,Delhi,61,3738
1519,05/02/2020,05:00:00 PM,Goa,0,7
1520,05/02/2020,05:00:00 PM,Gujarat,236,4721
1521,05/02/2020,05:00:00 PM,Haryana,4,360
1522,05/02/2020,05:00:00 PM,Himachal Pradesh,1,40
1523,05/02/2020,05:00:00 PM,Jammu and Kashmir,8,639
1524,05/02/2020,05:00:00 PM,Jharkhand,3,111
1525,05/02/2020,05:00:00 PM,Karnataka,22,589
1526,05/02/2020,05:00:00 PM,Kerala,4,497
1527,05/02/2020,05:00:00 PM,Ladakh,0,22
1528,05/02/2020,05:00:00 PM,Madhya Pradesh,145,2719
1529,05/02/2020,05:00:00 PM,Maharashtra,485,11506
1530,05/02/2020,05:00:00 PM,Manipur,0,2
1531,05/02/2020,05:00:00 PM,Meghalaya,1,12
1532,05/02/2020,05:00:00 PM,Mizoram,0,1
1533,05/02/2020,05:00:00 PM,Odisha,1,149
1534,05/02/2020,05:00:00 PM,Puducherry,0,8
1535,05/02/2020,05:00:00 PM,Punjab,19,480
1536,05/02/2020,05:00:00 PM,Rajasthan,62,2666
1537,05/02/2020,05:00:00 PM,Tamil Nadu,28,2526
1538,05/02/2020,05:00:00 PM,Telengana,26,1039
1539,05/02/2020,05:00:00 PM,Tripura,0,2
1540,05/02/2020,05:00:00 PM,Uttarakhand,0,58
1541,05/02/2020,05:00:00 PM,Uttar Pradesh,42,2328
1542,05/02/2020,05:00:00 PM,West Bengal,33,795
1543,05/03/2020,05:00:00 PM,Andaman and Nicobar Islands,0,33
1544,05/03/2020,05:00:00 PM,Andhra Pradesh,33,1583
1545,05/03/2020,05:00:00 PM,Arunachal Pradesh,0,1
1546,05/03/2020,05:00:00 PM,Assam,1,43
1547,05/03/2020,05:00:00 PM,Bihar,4,482
1548,05/03/2020,05:00:00 PM,Chandigarh,0,94
1549,05/03/2020,05:00:00 PM,Chhattisgarh,0,43
1550,05/03/2020,05:00:00 PM,Delhi,64,4122
1551,05/03/2020,05:00:00 PM,Goa,0,7
1552,05/03/2020,05:00:00 PM,Gujarat,262,5055
1553,05/03/2020,05:00:00 PM,Haryana,4,394
1554,05/03/2020,05:00:00 PM,Himachal Pradesh,1,40
1555,05/03/2020,05:00:00 PM,Jammu and Kashmir,8,666
1556,05/03/2020,05:00:00 PM,Jharkhand,3,115
1557,05/03/2020,05:00:00 PM,Karnataka,25,606
1558,05/03/2020,05:00:00 PM,Kerala,4,500
1559,05/03/2020,05:00:00 PM,Ladakh,0,40
1560,05/03/2020,05:00:00 PM,Madhya Pradesh,156,2846
1561,05/03/2020,05:00:00 PM,Maharashtra,521,12296
1562,05/03/2020,05:00:00 PM,Manipur,0,2
1563,05/03/2020,05:00:00 PM,Meghalaya,1,12
1564,05/03/2020,05:00:00 PM,Mizoram,0,1
1565,05/03/2020,05:00:00 PM,Odisha,1,160
1566,05/03/2020,05:00:00 PM,Puducherry,0,8
1567,05/03/2020,05:00:00 PM,Punjab,20,772
1568,05/03/2020,05:00:00 PM,Rajasthan,65,2772
1569,05/03/2020,05:00:00 PM,Tamil Nadu,29,2757
1570,05/03/2020,05:00:00 PM,Telengana,28,1063
1571,05/03/2020,05:00:00 PM,Tripura,0,4
1572,05/03/2020,05:00:00 PM,Uttarakhand,0,59
1573,05/03/2020,05:00:00 PM,Uttar Pradesh,43,2626
1574,05/03/2020,05:00:00 PM,West Bengal,33,922
1575,05/04/2020,05:00:00 PM,Andaman and Nicobar Islands,0,33
1576,05/04/2020,05:00:00 PM,Andhra Pradesh,36,1650
1577,05/04/2020,05:00:00 PM,Arunachal Pradesh,0,1
1578,05/04/2020,05:00:00 PM,Assam,1,43
1579,05/04/2020,05:00:00 PM,Bihar,4,517
1580,05/04/2020,05:00:00 PM,Chandigarh,0,94
1581,05/04/2020,05:00:00 PM,Chhattisgarh,0,57
1582,05/04/2020,05:00:00 PM,Delhi,64,4549
1583,05/04/2020,05:00:00 PM,Goa,0,7
1584,05/04/2020,05:00:00 PM,Gujarat,290,5428
1585,05/04/2020,05:00:00 PM,Haryana,5,442
1586,05/04/2020,05:00:00 PM,Himachal Pradesh,1,40
1587,05/04/2020,05:00:00 PM,Jammu and Kashmir,8,701
1588,05/04/2020,05:00:00 PM,Jharkhand,3,115
1589,05/04/2020,05:00:00 PM,Karnataka,26,642
1590,05/04/2020,05:00:00 PM,Kerala,4,500
1591,05/04/2020,05:00:00 PM,Ladakh,0,41
1592,05/04/2020,05:00:00 PM,Madhya Pradesh,165,2942
1593,05/04/2020,05:00:00 PM,Maharashtra,548,12974
1594,05/04/2020,05:00:00 PM,Manipur,0,2
1595,05/04/2020,05:00:00 PM,Meghalaya,1,12
1596,05/04/2020,05:00:00 PM,Mizoram,0,1
1597,05/04/2020,05:00:00 PM,Odisha,1,163
1598,05/04/2020,05:00:00 PM,Puducherry,0,8
1599,05/04/2020,05:00:00 PM,Punjab,21,1102
1600,05/04/2020,05:00:00 PM,Rajasthan,71,2886
1601,05/04/2020,05:00:00 PM,Tamil Nadu,30,3023
1602,05/04/2020,05:00:00 PM,Telengana,29,1082
1603,05/04/2020,05:00:00 PM,Tripura,0,16
1604,05/04/2020,05:00:00 PM,Uttarakhand,1,60
1605,05/04/2020,05:00:00 PM,Uttar Pradesh,45,2742
1606,05/04/2020,05:00:00 PM,West Bengal,35,963
1607,05/05/2020,05:00:00 PM,Andaman and Nicobar Islands,0,33
1608,05/05/2020,05:00:00 PM,Andhra Pradesh,36,1717
1609,05/05/2020,05:00:00 PM,Arunachal Pradesh,0,1
1610,05/05/2020,05:00:00 PM,Assam,1,43
1611,05/05/2020,05:00:00 PM,Bihar,4,529
1612,05/05/2020,05:00:00 PM,Chandigarh,1,102
1613,05/05/2020,05:00:00 PM,Chhattisgarh,0,58
1614,05/05/2020,05:00:00 PM,Delhi,64,4898
1615,05/05/2020,05:00:00 PM,Goa,0,7
1616,05/05/2020,05:00:00 PM,Gujarat,319,5804
1617,05/05/2020,05:00:00 PM,Haryana,6,517
1618,05/05/2020,05:00:00 PM,Himachal Pradesh,1,41
1619,05/05/2020,05:00:00 PM,Jammu and Kashmir,8,726
1620,05/05/2020,05:00:00 PM,Jharkhand,3,115
1621,05/05/2020,05:00:00 PM,Karnataka,28,659
1622,05/05/2020,05:00:00 PM,Kerala,4,500
1623,05/05/2020,05:00:00 PM,Ladakh,0,41
1624,05/05/2020,05:00:00 PM,Madhya Pradesh,176,3049
1625,05/05/2020,05:00:00 PM,Maharashtra,583,14541
1626,05/05/2020,05:00:00 PM,Manipur,0,2
1627,05/05/2020,05:00:00 PM,Meghalaya,1,12
1628,05/05/2020,05:00:00 PM,Mizoram,0,1
1629,05/05/2020,05:00:00 PM,Odisha,1,170
1630,05/05/2020,05:00:00 PM,Puducherry,0,9
1631,05/05/2020,05:00:00 PM,Punjab,23,1233
1632,05/05/2020,05:00:00 PM,Rajasthan,77,3061
1633,05/05/2020,05:00:00 PM,Tamil Nadu,31,3550
1634,05/05/2020,05:00:00 PM,Telengana,29,1085
1635,05/05/2020,05:00:00 PM,Tripura,0,29
1636,05/05/2020,05:00:00 PM,Uttarakhand,1,60
1637,05/05/2020,05:00:00 PM,Uttar Pradesh,53,2859
1638,05/05/2020,05:00:00 PM,West Bengal,133,1259
